municipality_code,municipality_name,prefecture,account_name,friends_count,population,registration_rate,population_category,line_url,updated_at
,札幌市,北海道,札幌市,239364.0,1967323.0,12.17,市,https://page.line.me/sapp_ro,2025-12-03
,函館市,北海道,函館市,42199.0,232050.0,18.19,市,https://page.line.me/hakodate_pr,2025-12-03
,小樽市,北海道,小樽市,7813.0,101185.0,7.72,市,https://page.line.me/otarucity,2025-12-03
,旭川市,北海道,旭川市,33091.0,310371.0,10.66,市,https://page.line.me/asahikawa,2025-12-03
,室蘭市,北海道,室蘭市,42774.0,74017.0,57.79,市,https://page.line.me/muroran-kujiran,2025-12-03
,釧路市,北海道,釧路市,70725.0,151161.0,46.79,市,https://page.line.me/kushiroshi,2025-12-03
,帯広市,北海道,帯広市,36331.0,160431.0,22.65,市,https://page.line.me/obihiro-shi,2025-12-03
,北見市,北海道,北見市,6460.0,108468.0,5.96,市,https://page.line.me/kitami-line,2025-12-03
,岩見沢市,北海道,岩見沢市役所公式,6492.0,72799.0,8.92,市,https://page.line.me/iwamizawa_city,2025-12-03
,網走市,北海道,網走市,6532.0,32735.0,19.95,市,https://page.line.me/abashiri_city,2025-12-03
,留萌市,北海道,留萌市,2646.0,17494.0,15.13,市,https://page.line.me/rumoi_city,2025-12-03
,苫小牧市,北海道,苫小牧市,31477.0,164217.0,19.17,市,https://page.line.me/city.tomakomai,2025-12-03
,稚内市,北海道,稚内市,12787.0,30099.0,42.48,市,https://page.line.me/wakkanaicity,2025-12-03
,美唄市,北海道,美唄市,1828.0,17832.0,10.25,市,https://page.line.me/bibai,2025-12-03
,芦別市,北海道,芦別市,3946.0,10640.0,37.09,市,https://page.line.me/ashibetsu,2025-12-03
,江別市,北海道,江別市,27405.0,119049.0,23.02,市,https://page.line.me/ebetsucity,2025-12-03
,赤平市,北海道,赤平市,1689.0,8207.0,20.58,市,https://page.line.me/akabira_line,2025-12-03
,紋別市,北海道,紋別市,5432.0,19539.0,27.8,市,https://page.line.me/mombetsucity,2025-12-03
,士別市,北海道,士別市,2414.0,15779.0,15.3,市,https://page.line.me/fhy7037z,2025-12-03
,名寄市,北海道,名寄市役所,16916.0,24458.0,69.16,市,https://page.line.me/city.nayoro,2025-12-03
,三笠市,北海道,三笠市,2345.0,6921.0,33.88,市,https://page.line.me/mikasacity,2025-12-03
,根室市,北海道,根室市,7080.0,21779.0,32.51,市,https://page.line.me/nemurocity,2025-12-03
,千歳市,北海道,千歳市,37176.0,96888.0,38.37,市,https://page.line.me/cityofchitose,2025-12-03
,滝川市,北海道,滝川市,8347.0,36107.0,23.12,市,https://page.line.me/takikawa_line,2025-12-03
,砂川市,北海道,砂川市,4709.0,14981.0,31.43,市,https://page.line.me/sunagawa_city,2025-12-03
,深川市,北海道,深川市,2485.0,17817.0,13.95,市,https://page.line.me/fukagawa_city,2025-12-03
,富良野市,北海道,北海道富良野市,24152.0,19271.0,125.33,市,https://page.line.me/furano-city,2025-12-03
,登別市,北海道,登別市,8903.0,42372.0,21.01,市,https://page.line.me/noboribetsucity,2025-12-03
,恵庭市,北海道,恵庭市,18742.0,70483.0,26.59,市,https://page.line.me/eniwacity,2025-12-03
,伊達市,北海道,北海道伊達市,5366.0,30017.0,17.88,市,https://page.line.me/hokkaido_datecity,2025-12-03
,北広島市,北海道,北海道北広島市,12498.0,56206.0,22.24,市,https://page.line.me/kitahiro,2025-12-03
,石狩市,北海道,石狩市,10050.0,55493.0,18.11,市,https://page.line.me/ishikari_city,2025-12-03
,当別町,北海道,当別町,2756.0,15236.0,18.09,町,https://page.line.me/town_tobetsu,2025-12-03
,新篠津村,北海道,新篠津村,1566.0,2748.0,56.99,村,https://page.line.me/shinshinotsu,2025-12-03
,松前町,北海道,松前町,12550.0,5105.0,245.84,町,https://page.line.me/matsumae-town,2025-12-03
,知内町,北海道,北海道知内町,3676.0,3704.0,99.24,町,https://page.line.me/shiriuchi_town,2025-12-03
,七飯町,北海道,七飯町,4137.0,26624.0,15.54,町,https://page.line.me/nanaetown,2025-12-03
,鹿部町,北海道,北海道鹿部町,281.0,3410.0,8.24,町,https://page.line.me/shikabe_town,2025-12-03
,森町,北海道,北海道森町公式,3282.0,12735.0,25.77,町,https://page.line.me/hokkaido-mori,2025-12-03
,八雲町,北海道,八雲町,6566.0,14417.0,45.54,町,https://page.line.me/yakumo_town,2025-12-03
,江差町,北海道,江差町,4646.0,6489.0,71.6,町,https://page.line.me/esashi_town,2025-12-03
,上ノ国町,北海道,上ノ国町,1292.0,3693.0,34.99,町,https://page.line.me/kaminokuni,2025-12-03
,厚沢部町,北海道,厚沢部町,1221.0,3113.0,39.22,町,https://page.line.me/assabu,2025-12-03
,乙部町,北海道,乙部町,1788.0,2915.0,61.34,町,https://page.line.me/otobetown,2025-12-03
,奥尻町,北海道,奥尻町,1175.0,1993.0,58.96,町,https://page.line.me/okushiri,2025-12-03
,今金町,北海道,今金町,1841.0,4338.0,42.44,町,https://page.line.me/imakanetown,2025-12-03
,せたな町,北海道,せたな町,2105.0,6287.0,33.48,町,https://page.line.me/setana-town,2025-12-03
,黒松内町,北海道,黒松内町,773.0,2421.0,31.93,町,https://page.line.me/kuromatsunai_town,2025-12-03
,ニセコ町,北海道,ニセコ町,1721.0,5147.0,33.44,町,https://page.line.me/nisekochou,2025-12-03
,留寿都村,北海道,留寿都村,1011.0,1911.0,52.9,村,https://page.line.me/rusutsu.vill,2025-12-03
,倶知安町,北海道,倶知安町,2129.0,14276.0,14.91,町,https://page.line.me/kutchan,2025-12-03
,岩内町,北海道,北海道岩内町,2562.0,10268.0,24.95,町,https://page.line.me/iwanai-town,2025-12-03
,積丹町,北海道,積丹町,212.0,1521.0,13.94,町,https://page.line.me/shakotan,2025-12-03
,仁木町,北海道,北海道仁木町,272.0,3127.0,8.7,町,https://page.line.me/527dlhjj,2025-12-03
,余市町,北海道,北海道余市町,7198.0,16430.0,43.81,町,https://page.line.me/yoichi_town,2025-12-03
,南幌町,北海道,南幌巡り,2354.0,8002.0,29.42,町,https://page.line.me/745lvfkh,2025-12-03
,奈井江町,北海道,奈井江町,1520.0,4526.0,33.58,町,https://page.line.me/naie,2025-12-03
,上砂川町,北海道,上砂川町,1174.0,2305.0,50.93,町,https://page.line.me/kamisunagawa,2025-12-03
,長沼町,北海道,長沼町,1161.0,9568.0,12.13,町,https://page.line.me/naganumatown,2025-12-03
,月形町,北海道,北海道月形町,1181.0,3228.0,36.59,町,https://page.line.me/tsukigata_line,2025-12-03
,浦臼町,北海道,北海道浦臼町,262.0,1513.0,17.32,町,https://page.line.me/urausu,2025-12-03
,新十津川町,北海道,新十津川町,1525.0,6093.0,25.03,町,https://page.line.me/shintotsukawa1,2025-12-03
,秩父別町,北海道,秩父別町,1166.0,2099.0,55.55,町,https://page.line.me/chippu,2025-12-03
,沼田町,北海道,北海道沼田町,819.0,2638.0,31.05,町,https://page.line.me/numatalife,2025-12-03
,鷹栖町,北海道,鷹栖町,1543.0,6199.0,24.89,町,https://page.line.me/takasu_town,2025-12-03
,東神楽町,北海道,東神楽町,1202.0,9618.0,12.5,町,https://page.line.me/kagura014532,2025-12-03
,当麻町,北海道,当麻町,2633.0,5890.0,44.7,町,https://page.line.me/town-tohma,2025-12-03
,比布町,北海道,比布町（ぴっぷ町）,1166.0,3242.0,35.97,町,https://page.line.me/pippu_town,2025-12-03
,愛別町,北海道,愛別町,400.0,2272.0,17.61,町,https://page.line.me/aibetsutown,2025-12-03
,上川町,北海道,上川町,2665.0,3117.0,85.5,町,https://page.line.me/kamikawa_town,2025-12-03
,東川町,北海道,東川町,6723.0,8662.0,77.61,町,https://page.line.me/higashikawa,2025-12-03
,美瑛町,北海道,美瑛町役場,5347.0,9067.0,58.97,町,https://page.line.me/biei,2025-12-03
,上富良野町,北海道,上富良野町,1912.0,9331.0,20.49,町,https://page.line.me/kamifurano,2025-12-03
,中富良野町,北海道,中富良野町,1493.0,4268.0,34.98,町,https://page.line.me/nakafurano,2025-12-03
,南富良野町,北海道,南富良野町,572.0,2179.0,26.25,町,https://page.line.me/minamifurano-town,2025-12-03
,占冠村,北海道,占冠村,424.0,1398.0,30.33,村,https://page.line.me/shimukappu,2025-12-03
,和寒町,北海道,和寒町,751.0,2705.0,27.76,町,https://page.line.me/wassamu,2025-12-03
,剣淵町,北海道,剣淵町,740.0,2617.0,28.28,町,https://page.line.me/kembuchi-ehon,2025-12-03
,下川町,北海道,下川町,2349.0,2713.0,86.58,町,https://page.line.me/shimokawa-town,2025-12-03
,音威子府村,北海道,北海道音威子府村,485.0,603.0,80.43,村,https://page.line.me/otoineppu_1962,2025-12-03
,苫前町,北海道,苫前町,5498.0,2572.0,213.76,町,https://page.line.me/tomamae_town,2025-12-03
,羽幌町,北海道,北海道羽幌町,1601.0,5652.0,28.33,町,https://page.line.me/haboro,2025-12-03
,初山別村,北海道,初山別村,393.0,925.0,42.49,村,https://page.line.me/shosanbetsu,2025-12-03
,遠別町,北海道,遠別町,1101.0,2162.0,50.93,町,https://page.line.me/muo1003k,2025-12-03
,天塩町,北海道,天塩町,1306.0,2521.0,51.8,町,https://page.line.me/teshio,2025-12-03
,猿払村,北海道,猿払村,1038.0,2469.0,42.04,村,https://page.line.me/xat.0000170276.tn8,2025-12-03
,浜頓別町,北海道,浜頓別町,855.0,3150.0,27.14,町,https://page.line.me/line_hamaton,2025-12-03
,中頓別町,北海道,北海道中頓別町,387.0,1413.0,27.39,町,https://page.line.me/nakatombetsu,2025-12-03
,豊富町,北海道,北海道豊富町,2245.0,3598.0,62.4,町,https://page.line.me/town.toyotomi,2025-12-03
,礼文町,北海道,礼文町,787.0,2108.0,37.33,町,https://page.line.me/rebuncho,2025-12-03
,利尻富士町,北海道,利尻富士町,1809.0,1848.0,97.89,町,https://page.line.me/rishirifuji,2025-12-03
,美幌町,北海道,北海道美幌町,1694.0,16678.0,10.16,町,https://page.line.me/bihoro,2025-12-03
,津別町,北海道,津別町,788.0,3788.0,20.8,町,https://page.line.me/tsubetsu,2025-12-03
,斜里町,北海道,斜里町,4352.0,6104.0,71.3,町,https://page.line.me/shari,2025-12-03
,小清水町,北海道,小清水町,2914.0,3522.0,82.74,町,https://page.line.me/koshimizu-line,2025-12-03
,訓子府町,北海道,訓子府町,1113.0,4255.0,26.16,町,https://page.line.me/kunneppu,2025-12-03
,置戸町,北海道,置戸町,683.0,4275.0,15.98,町,https://page.line.me/oketo,2025-12-03
,遠軽町,北海道,遠軽町,4270.0,4458.0,95.78,町,https://page.line.me/engaru_town,2025-12-03
,湧別町,北海道,湧別町,1807.0,17021.0,10.62,町,https://page.line.me/yubetsu,2025-12-03
,滝上町,北海道,滝上町,1248.0,7626.0,16.37,町,https://page.line.me/takinoue_town,2025-12-03
,興部町,北海道,興部町,2267.0,2100.0,107.95,町,https://page.line.me/okoppe,2025-12-03
,西興部村,北海道,西興部村,369.0,3340.0,11.05,村,https://page.line.me/nishiokoppemura,2025-12-03
,雄武町,北海道,雄武町,768.0,921.0,83.39,町,https://page.line.me/oumu_town,2025-12-03
,大空町,北海道,大空町,1789.0,3832.0,46.69,町,https://page.line.me/ozora_town,2025-12-03
,豊浦町,北海道,豊浦町,1030.0,3427.0,30.06,町,https://page.line.me/toyoura_town,2025-12-03
,白老町,北海道,白老町,2528.0,2559.0,98.79,町,https://page.line.me/747lujzn,2025-12-03
,厚真町,北海道,厚真町,2597.0,14589.0,17.8,町,https://page.line.me/atsuma,2025-12-03
,洞爺湖町,北海道,洞爺湖町,1903.0,4218.0,45.12,町,https://page.line.me/toyako,2025-12-03
,安平町,北海道,安平町,2289.0,7014.0,32.63,町,https://page.line.me/abira,2025-12-03
,むかわ町,北海道,むかわ町,2588.0,7107.0,36.41,町,https://page.line.me/mukawa,2025-12-03
,日高町,北海道,北海道日高町,1477.0,10414.0,14.18,町,https://page.line.me/hidakatown,2025-12-03
,新冠町,北海道,新冠町,1506.0,4881.0,30.85,町,https://page.line.me/niikappu,2025-12-03
,浦河町,北海道,浦河町役場,2478.0,11130.0,22.26,町,https://page.line.me/urakawa_town,2025-12-03
,様似町,北海道,様似町,500.0,3612.0,13.84,町,https://page.line.me/samani.302,2025-12-03
,新ひだか町,北海道,北海道新ひだか町,2737.0,19448.0,14.07,町,https://page.line.me/shinhidakatown,2025-12-03
,音更町,北海道,北海道音更町,10094.0,41830.0,24.13,町,https://page.line.me/line_otofuke,2025-12-03
,士幌町,北海道,北海道士幌町,3040.0,5447.0,55.81,町,https://page.line.me/shihoro,2025-12-03
,上士幌町,北海道,上士幌町,1691.0,4491.0,37.65,町,https://page.line.me/kamishihoro,2025-12-03
,鹿追町,北海道,鹿追町,1203.0,4883.0,24.64,町,https://page.line.me/shikaoi-town,2025-12-03
,清水町,北海道,北海道清水町,2982.0,8409.0,35.46,町,https://page.line.me/shimizu_tokachi,2025-12-03
,芽室町,北海道,芽室町,7499.0,17307.0,43.33,町,https://page.line.me/memuro,2025-12-03
,中札内村,北海道,北海道中札内村,2518.0,3785.0,66.53,村,https://page.line.me/nakasatsunai,2025-12-03
,更別村,北海道,更別村,228.0,2969.0,7.68,村,https://page.line.me/sarabetsu_village,2025-12-03
,大樹町,北海道,北海道大樹町,708.0,5204.0,13.6,町,https://page.line.me/taiki,2025-12-03
,広尾町,北海道,広尾町,436.0,5565.0,7.83,町,https://page.line.me/hiroo_town,2025-12-03
,幕別町,北海道,幕別町,2577.0,24396.0,10.56,町,https://page.line.me/makubetsu,2025-12-03
,豊頃町,北海道,豊頃町,1359.0,2741.0,49.58,町,https://page.line.me/toyokoro_line,2025-12-03
,本別町,北海道,北海道本別町,1631.0,5766.0,28.29,町,https://page.line.me/honbetsu_town,2025-12-03
,足寄町,北海道,足寄町役場,2770.0,5668.0,48.87,町,https://page.line.me/ashoro-yakuba,2025-12-03
,浦幌町,北海道,浦幌町,1332.0,3838.0,34.71,町,https://page.line.me/urahoro-town,2025-12-03
,釧路町,北海道,北海道釧路町,3136.0,17799.0,17.62,町,https://page.line.me/kushirotown,2025-12-03
,標茶町,北海道,標茶町,1403.0,6543.0,21.44,町,https://page.line.me/shibecha_town,2025-12-03
,弟子屈町,北海道,北海道弟子屈町公式,3238.0,6350.0,50.99,町,https://page.line.me/teshikaga,2025-12-03
,白糠町,北海道,白糠町役場,4670.0,6600.0,70.76,町,https://page.line.me/shiranuka,2025-12-03
,別海町,北海道,別海町,21758.0,13344.0,163.05,町,https://page.line.me/betsukai,2025-12-03
,中標津町,北海道,中標津町,4465.0,21859.0,20.43,町,https://page.line.me/nakashibetsu,2025-12-03
,標津町,北海道,北海道標津町,765.0,4605.0,16.61,町,https://page.line.me/shibetsutown,2025-12-03
,羅臼町,北海道,羅臼町,1793.0,4076.0,43.99,町,https://page.line.me/rausu,2025-12-03
,青森県,青森県,青森県,6396.0,1145366.0,0.56,都道府県,https://page.line.me/aomoripref,2025-12-03
,青森市,青森県,青森市,10842.0,256304.0,4.23,市,https://page.line.me/aomori_city,2025-12-03
,弘前市,青森県,弘前市シティプロモーション,17804.0,157382.0,11.31,市,https://page.line.me/hirosakicp,2025-12-03
,八戸市,青森県,八戸市,15974.0,210178.0,7.6,市,https://page.line.me/hachinohecity,2025-12-03
,黒石市,青森県,黒石市,4173.0,29267.0,14.26,市,https://page.line.me/kuroishicity,2025-12-03
,五所川原市,青森県,五所川原市,21542.0,47185.0,45.65,市,https://page.line.me/goshogawara_city,2025-12-03
,十和田市,青森県,十和田市,9609.0,56688.0,16.95,市,https://page.line.me/towada-city,2025-12-03
,三沢市,青森県,三沢市,3408.0,36961.0,9.22,市,https://page.line.me/misawashi,2025-12-03
,むつ市,青森県,青森県むつ市,25241.0,48697.0,51.83,市,https://page.line.me/mutsu_city,2025-12-03
,つがる市,青森県,つがる市,3695.0,27744.0,13.32,市,https://page.line.me/tsugaru_city,2025-12-03
,平川市,青森県,平川市,5906.0,28780.0,20.52,市,https://page.line.me/hirakawa_city,2025-12-03
,平内町,青森県,平内町,803.0,9015.0,8.91,町,https://page.line.me/hiranai_town,2025-12-03
,外ヶ浜町,青森県,青森県外ヶ浜町,995.0,4512.0,22.05,町,https://page.line.me/sotogahama.town,2025-12-03
,鰺ヶ沢町,青森県,,1299.0,7815.0,16.62,町,https://page.line.me/ajigasawa_town,2025-12-03
,大鰐町,青森県,大鰐町,1515.0,7477.0,20.26,町,https://page.line.me/owani_town,2025-12-03
,鶴田町,青森県,鶴田町,3378.0,10794.0,31.3,町,https://page.line.me/tsuruta2021,2025-12-03
,野辺地町,青森県,青森県野辺地町,2171.0,11042.0,19.66,町,https://page.line.me/noheji_town,2025-12-03
,七戸町,青森県,七戸町,2403.0,13119.0,18.32,町,https://page.line.me/shichinohetown,2025-12-03
,横浜町,青森県,横浜町,309.0,3809.0,8.11,町,https://page.line.me/yokohamatown-line,2025-12-03
,六ヶ所村,青森県,六ヶ所村,2533.0,9831.0,25.77,村,https://page.line.me/rokkasho,2025-12-03
,おいらせ町,青森県,おいらせ町,886.0,23977.0,3.7,町,https://page.line.me/oirase-town,2025-12-03
,東通村,青森県,東通村,1920.0,5187.0,37.02,村,https://page.line.me/vill.higashi,2025-12-03
,三戸町,青森県,三戸町,1263.0,7929.0,15.93,町,https://page.line.me/town.sannohe.11,2025-12-03
,五戸町,青森県,五戸町,277.0,14319.0,1.93,町,https://page.line.me/gonohetown,2025-12-03
,田子町,青森県,青森県田子町,965.0,4269.0,22.6,町,https://page.line.me/takko229town,2025-12-03
,南部町,青森県,青森県南部町,875.0,15116.0,5.79,町,https://page.line.me/aomori-nanbu.town,2025-12-03
,新郷村,青森県,新郷村,383.0,1823.0,21.01,村,https://page.line.me/shingo450,2025-12-03
,岩手県,岩手県,岩手県,7309.0,1126813.0,0.65,都道府県,https://page.line.me/iwate.pref,2025-12-03
,盛岡市,岩手県,盛岡市,107770.0,278377.0,38.71,市,https://page.line.me/moriokacity,2025-12-03
,宮古市,岩手県,宮古市,8406.0,44253.0,19.0,市,https://page.line.me/385miyako,2025-12-03
,大船渡市,岩手県,大船渡市,9543.0,31012.0,30.77,市,https://page.line.me/ofunato_city,2025-12-03
,花巻市,岩手県,花巻市,46418.0,87512.0,53.04,市,https://page.line.me/city_hanamaki,2025-12-03
,北上市,岩手県,北上市,4774.0,91581.0,5.21,市,https://page.line.me/kitakami_city,2025-12-03
,久慈市,岩手県,久慈市,4810.0,29448.0,16.33,市,https://page.line.me/kujicity,2025-12-03
,遠野市,岩手県,遠野市,2857.0,22604.0,12.64,市,https://page.line.me/tonocity,2025-12-03
,一関市,岩手県,一関市,18885.0,101893.0,18.53,市,https://page.line.me/ichinoseki.city,2025-12-03
,陸前高田市,岩手県,陸前高田市,3063.0,16436.0,18.64,市,https://page.line.me/rikuzentakata_city,2025-12-03
,釜石市,岩手県,釜石市,9182.0,28217.0,32.54,市,https://page.line.me/kamaishi03211,2025-12-03
,二戸市,岩手県,二戸市,3388.0,22887.0,14.8,市,https://page.line.me/ninohe_city,2025-12-03
,八幡平市,岩手県,八幡平市,6026.0,21941.0,27.46,市,https://page.line.me/hachimantaicity,2025-12-03
,奥州市,岩手県,岩手県奥州市,1653.0,104425.0,1.58,市,https://page.line.me/oshucity,2025-12-03
,滝沢市,岩手県,滝沢市,8147.0,54031.0,15.08,市,https://page.line.me/takizawa-line,2025-12-03
,紫波町,岩手県,紫波町,13943.0,31443.0,44.34,町,https://page.line.me/shiwatown,2025-12-03
,矢巾町,岩手県,矢巾町,5337.0,27143.0,19.66,町,https://page.line.me/yahaba-town,2025-12-03
,西和賀町,岩手県,西和賀町,1827.0,4267.0,42.82,町,https://page.line.me/nishiwaga_town,2025-12-03
,金ケ崎町,岩手県,金ケ崎町,1439.0,15061.0,9.55,町,https://page.line.me/kanegasakitown,2025-12-03
,平泉町,岩手県,平泉町,1355.0,6449.0,21.01,町,https://page.line.me/hiraizumitown,2025-12-03
,大槌町,岩手県,大槌町役場,2623.0,9802.0,26.76,町,https://page.line.me/otsuchi,2025-12-03
,岩泉町,岩手県,岩泉町,1584.0,7468.0,21.21,町,https://page.line.me/iwaizumi_town,2025-12-03
,田野畑村,岩手県,田野畑村,309.0,2654.0,11.64,村,https://page.line.me/tanohata,2025-12-03
,軽米町,岩手県,岩手県軽米町,691.0,7274.0,9.5,町,https://page.line.me/karumai,2025-12-03
,野田村,岩手県,野田村,1754.0,3550.0,49.41,村,https://page.line.me/noda_vill,2025-12-03
,九戸村,岩手県,九戸村,699.0,4711.0,14.84,村,https://page.line.me/kunohemura,2025-12-03
,洋野町,岩手県,岩手県洋野町,2207.0,13376.0,16.5,町,https://page.line.me/iwate-hirono-town,2025-12-03
,一戸町,岩手県,一戸町,1102.0,9897.0,11.13,町,https://page.line.me/town_ichinohe,2025-12-03
,仙台市,宮城県,仙台市,93556.0,1094799.0,8.55,市,https://page.line.me/sendai-city,2025-12-03
,石巻市,宮城県,石巻市,31818.0,129532.0,24.56,市,https://page.line.me/isbousai2019,2025-12-03
,塩竈市,宮城県,塩竈市,17932.0,49846.0,35.97,市,https://page.line.me/shiogamacity,2025-12-03
,気仙沼市,宮城県,気仙沼市,19729.0,54846.0,35.97,市,https://page.line.me/kesennuma-miyagi,2025-12-03
,白石市,宮城県,宮城県白石市,4569.0,29664.0,15.4,市,https://page.line.me/shiroishicity,2025-12-03
,名取市,宮城県,名取市,3073.0,79001.0,3.89,市,https://page.line.me/natoricity,2025-12-03
,多賀城市,宮城県,多賀城市,24322.0,61934.0,39.27,市,https://page.line.me/tagajo01,2025-12-03
,岩沼市,宮城県,岩沼市,5111.0,42897.0,11.91,市,https://page.line.me/iwanuma-city,2025-12-03
,登米市,宮城県,登米市,10150.0,69287.0,14.65,市,https://page.line.me/tomecity,2025-12-03
,栗原市,宮城県,栗原市,12100.0,57983.0,20.87,市,https://page.line.me/kuriharacity,2025-12-03
,東松島市,宮城県,東松島市,3657.0,37016.0,9.88,市,https://page.line.me/higamatsu,2025-12-03
,大崎市,宮城県,大崎市,18401.0,119458.0,15.4,市,https://page.line.me/osaki-city,2025-12-03
,富谷市,宮城県,富谷市,14413.0,51548.0,27.96,市,https://page.line.me/tomiya-city,2025-12-03
,七ヶ宿町,宮城県,七ヶ宿町,1800.0,1110.0,162.16,町,https://page.line.me/7kashu9,2025-12-03
,大河原町,宮城県,宮城県大河原町,2978.0,23166.0,12.86,町,https://page.line.me/oogawara-town,2025-12-03
,村田町,宮城県,宮城県村田町,2758.0,9720.0,28.37,町,https://page.line.me/murata-town,2025-12-03
,柴田町,宮城県,宮城県柴田町,5500.0,36739.0,14.97,町,https://page.line.me/town-shibata,2025-12-03
,川崎町,宮城県,宮城県川崎町,871.0,7526.0,11.57,町,https://page.line.me/miyagi_kawasaki,2025-12-03
,丸森町,宮城県,宮城県丸森町,1699.0,10622.0,16.0,町,https://page.line.me/marumori.town,2025-12-03
,亘理町,宮城県,宮城県亘理町,9039.0,32172.0,28.1,町,https://page.line.me/watari_town,2025-12-03
,山元町,宮城県,宮城県山元町,1762.0,11265.0,15.64,町,https://page.line.me/yamamoto_town,2025-12-03
,松島町,宮城県,松島町,2042.0,12335.0,16.55,町,https://page.line.me/matsushima_line,2025-12-03
,七ヶ浜町,宮城県,七ヶ浜町,1590.0,16959.0,9.38,町,https://page.line.me/shichigahama,2025-12-03
,利府町,宮城県,宮城県利府町,6762.0,35028.0,19.3,町,https://page.line.me/line.rifu-cho,2025-12-03
,大和町,宮城県,宮城県大和町,1927.0,28414.0,6.78,町,https://page.line.me/taiwa,2025-12-03
,大郷町,宮城県,大郷町,1740.0,7249.0,24.0,町,https://page.line.me/osatotown,2025-12-03
,大衡村,宮城県,大衡村,1149.0,5465.0,21.02,村,https://page.line.me/ohira,2025-12-03
,色麻町,宮城県,色麻町,287.0,6032.0,4.76,町,https://page.line.me/shikama_town,2025-12-03
,涌谷町,宮城県,宮城県涌谷町,431.0,13800.0,3.12,町,https://page.line.me/wakuya2111,2025-12-03
,美里町,宮城県,美里町,4125.0,22373.0,18.44,町,https://page.line.me/misato_miyagi,2025-12-03
,女川町,宮城県,女川町,617.0,5917.0,10.43,町,https://page.line.me/onagawa_town,2025-12-03
,秋田県,秋田県,秋田県庁,27099.0,878909.0,3.08,都道府県,https://page.line.me/akitapref,2025-12-03
,秋田市,秋田県,秋田市,25294.0,292587.0,8.64,市,https://page.line.me/akita_city,2025-12-03
,能代市,秋田県,能代市,3269.0,44832.0,7.29,市,https://page.line.me/noshiro_city,2025-12-03
,横手市,秋田県,横手市,9077.0,77132.0,11.77,市,https://page.line.me/yokotecity,2025-12-03
,大館市,秋田県,大館市,9138.0,62954.0,14.52,市,https://page.line.me/odate.city,2025-12-03
,男鹿市,秋田県,秋田県男鹿市,5100.0,21611.0,23.6,市,https://page.line.me/oga_city,2025-12-03
,湯沢市,秋田県,湯沢市,10112.0,37305.0,27.11,市,https://page.line.me/yuzawacity,2025-12-03
,鹿角市,秋田県,鹿角市,2049.0,25610.0,8.0,市,https://page.line.me/kazuno_city,2025-12-03
,由利本荘市,秋田県,由利本荘市,13115.0,68773.0,19.07,市,https://page.line.me/yurihonjo-city,2025-12-03
,潟上市,秋田県,潟上市（Katagami City）,4438.0,30354.0,14.62,市,https://page.line.me/katagamicity,2025-12-03
,大仙市,秋田県,大仙市,17884.0,70778.0,25.27,市,https://page.line.me/daisencity,2025-12-03
,北秋田市,秋田県,北秋田市,3181.0,26493.0,12.01,市,https://page.line.me/kitaakita,2025-12-03
,にかほ市,秋田県,にかほ市,4577.0,21311.0,21.48,市,https://page.line.me/nikaho-city,2025-12-03
,仙北市,秋田県,仙北市,11545.0,21614.0,53.41,市,https://page.line.me/city.semboku,2025-12-03
,小坂町,秋田県,小坂町,244.0,4197.0,5.81,町,https://page.line.me/kosaka,2025-12-03
,三種町,秋田県,秋田県三種町,89.0,13157.0,0.68,町,https://page.line.me/mitanetown,2025-12-03
,八峰町,秋田県,秋田県八峰町,1505.0,5636.0,26.7,町,https://page.line.me/007wnacd,2025-12-03
,八郎潟町,秋田県,八郎潟町,765.0,5010.0,15.27,町,https://page.line.me/hachirogata,2025-12-03
,大潟村,秋田県,大潟村,974.0,2792.0,34.89,村,https://page.line.me/ogatamura,2025-12-03
,美郷町,秋田県,秋田県_美郷町,4358.0,16669.0,26.14,町,https://page.line.me/misatotown,2025-12-03
,羽後町,秋田県,羽後町,2461.0,12191.0,20.19,町,https://page.line.me/ugo_town,2025-12-03
,東成瀬村,秋田県,東成瀬村,1674.0,2403.0,69.66,村,https://page.line.me/higashinaruse,2025-12-03
,山形県,山形県,山形県,10337.0,994537.0,1.04,都道府県,https://page.line.me/yamagataken,2025-12-03
,山形市,山形県,山形市,101019.0,237800.0,42.48,市,https://page.line.me/yamagatacity,2025-12-03
,米沢市,山形県,米沢市,30903.0,75689.0,40.83,市,https://page.line.me/yonezawacity,2025-12-03
,鶴岡市,山形県,鶴岡市,46292.0,113110.0,40.93,市,https://page.line.me/tsuruokashi,2025-12-03
,酒田市,山形県,酒田市,44857.0,92362.0,48.57,市,https://page.line.me/sakata_city,2025-12-03
,新庄市,山形県,新庄市,6281.0,31450.0,19.97,市,https://page.line.me/shinjo_city,2025-12-03
,寒河江市,山形県,寒河江市,2422.0,38281.0,6.33,市,https://page.line.me/sagaecity,2025-12-03
,上山市,山形県,上山市,7203.0,26568.0,27.11,市,https://page.line.me/kaminoyama_city,2025-12-03
,村山市,山形県,村山市,5142.0,20164.0,25.5,市,https://page.line.me/murayama-city,2025-12-03
,長井市,山形県,長井市,5766.0,24356.0,23.67,市,https://page.line.me/city_nagai,2025-12-03
,天童市,山形県,天童市,33205.0,59917.0,55.42,市,https://page.line.me/tendo_city,2025-12-03
,東根市,山形県,東根市,22340.0,47406.0,47.12,市,https://page.line.me/higashine_city,2025-12-03
,尾花沢市,山形県,尾花沢市,4007.0,12721.0,31.5,市,https://page.line.me/obanazawacity,2025-12-03
,南陽市,山形県,南陽市,13116.0,28225.0,46.47,市,https://page.line.me/city_nanyo,2025-12-03
,山辺町,山形県,山辺町,1466.0,12821.0,11.43,町,https://page.line.me/yamanobemachi,2025-12-03
,中山町,山形県,山形県中山町,1592.0,9965.0,15.98,町,https://page.line.me/yamagata_nakayama,2025-12-03
,河北町,山形県,河北町,3712.0,16136.0,23.0,町,https://page.line.me/kahoku_town,2025-12-03
,西川町,山形県,山形県西川町,2184.0,4237.0,51.55,町,https://page.line.me/nishikawa_town,2025-12-03
,朝日町,山形県,山形県朝日町,1329.0,5440.0,24.43,町,https://page.line.me/asahi_town_ymgt,2025-12-03
,大江町,山形県,山形県大江町,1586.0,6708.0,23.64,町,https://page.line.me/oe_town_ymgt,2025-12-03
,大石田町,山形県,大石田町役場,2247.0,5581.0,40.26,町,https://page.line.me/oishida.yamagata,2025-12-03
,金山町,山形県,山形県金山町,1431.0,4388.0,32.61,町,https://page.line.me/kaneyamatown,2025-12-03
,舟形町,山形県,舟形町,967.0,4420.0,21.88,町,https://page.line.me/funagata_town,2025-12-03
,真室川町,山形県,真室川町,1678.0,6185.0,27.13,町,https://page.line.me/mamurogawa_town,2025-12-03
,鮭川村,山形県,鮭川村,1001.0,3434.0,29.15,村,https://page.line.me/sakegawa,2025-12-03
,高畠町,山形県,高畠町,3311.0,20559.0,16.1,町,https://page.line.me/town.takahata,2025-12-03
,川西町,山形県,川西町,4741.0,12895.0,36.77,町,https://page.line.me/kawanishimachi,2025-12-03
,小国町,山形県,山形県小国町,1836.0,6121.0,30.0,町,https://page.line.me/shiroimori_oguni,2025-12-03
,白鷹町,山形県,白鷹町,2108.0,11671.0,18.06,町,https://page.line.me/shirataka-town,2025-12-03
,飯豊町,山形県,山形県飯豊町,2872.0,5857.0,49.04,町,https://page.line.me/iide_mezami,2025-12-03
,三川町,山形県,山形県三川町,2471.0,7188.0,34.38,町,https://page.line.me/mikawa-town,2025-12-03
,庄内町,山形県,山形県庄内町,15070.0,18228.0,82.68,町,https://page.line.me/shonai_town,2025-12-03
,遊佐町,山形県,遊佐町,3952.0,11473.0,34.45,町,https://page.line.me/yuzatown,2025-12-03
,福島県,福島県,福島県,8298.0,1717665.0,0.48,都道府県,https://page.line.me/fukushima_pref,2025-12-03
,福島市,福島県,福島市,78835.0,268906.0,29.32,市,https://page.line.me/fukushimacity,2025-12-03
,会津若松市,福島県,会津若松市,12564.0,109493.0,11.47,市,https://page.line.me/aizucity,2025-12-03
,郡山市,福島県,郡山市役所,23562.0,316298.0,7.45,市,https://page.line.me/koriyamacity,2025-12-03
,いわき市,福島県,いわき市,74468.0,313576.0,23.75,市,https://page.line.me/iwakicity,2025-12-03
,白河市,福島県,白河市,6420.0,55695.0,11.53,市,https://page.line.me/shirakawa.city,2025-12-03
,須賀川市,福島県,須賀川市,12952.0,71410.0,18.14,市,https://page.line.me/sukagawacity,2025-12-03
,喜多方市,福島県,喜多方市,2112.0,40755.0,5.18,市,https://page.line.me/kitakata_city,2025-12-03
,相馬市,福島県,相馬市役所,4011.0,32281.0,12.43,市,https://page.line.me/soma_city,2025-12-03
,二本松市,福島県,二本松市,4332.0,49456.0,8.76,市,https://page.line.me/nihonmatsucity,2025-12-03
,田村市,福島県,田村市,11867.0,31821.0,37.29,市,https://page.line.me/tamuracity,2025-12-03
,南相馬市,福島県,南相馬市,6364.0,54652.0,11.64,市,https://page.line.me/minamiso-ma,2025-12-03
,伊達市,福島県,伊達市,2414.0,54022.0,4.47,市,https://page.line.me/datecity,2025-12-03
,本宮市,福島県,本宮市,1974.0,29610.0,6.67,市,https://page.line.me/motomiya-city,2025-12-03
,桑折町,福島県,桑折町,7935.0,10713.0,74.07,町,https://page.line.me/kooritown,2025-12-03
,国見町,福島県,国見町,3113.0,7757.0,40.13,町,https://page.line.me/kunimimachi,2025-12-03
,川俣町,福島県,川俣町,8287.0,10674.0,77.64,町,https://page.line.me/kawamatatown,2025-12-03
,鏡石町,福島県,福島県鏡石町,1497.0,11974.0,12.5,町,https://page.line.me/kagamiishi.town,2025-12-03
,天栄村,福島県,天栄村,1603.0,4784.0,33.51,村,https://page.line.me/tenei.vill,2025-12-03
,下郷町,福島県,下郷町,703.0,4437.0,15.84,町,https://page.line.me/shimogotown,2025-12-03
,南会津町,福島県,南会津町,2280.0,12521.0,18.21,町,https://page.line.me/minamiaizu.town,2025-12-03
,北塩原村,福島県,北塩原村,601.0,2228.0,26.97,村,https://page.line.me/kitashiobara_vill,2025-12-03
,西会津町,福島県,西会津町,1269.0,5001.0,25.37,町,https://page.line.me/nishiaizutown,2025-12-03
,磐梯町,福島県,磐梯町,1757.0,3014.0,58.29,町,https://page.line.me/bandai-machi,2025-12-03
,会津坂下町,福島県,会津坂下町,757.0,13512.0,5.6,町,https://page.line.me/bange-official,2025-12-03
,湯川村,福島県,湯川村,1637.0,2850.0,57.44,村,https://page.line.me/yugawamura-44,2025-12-03
,柳津町,福島県,柳津町,698.0,2640.0,26.44,町,https://page.line.me/yanaizutown,2025-12-03
,金山町,福島県,福島県金山町,474.0,1637.0,28.96,町,https://page.line.me/kaneyamamachi,2025-12-03
,昭和村,福島県,昭和村,813.0,1082.0,75.14,村,https://page.line.me/showavill,2025-12-03
,会津美里町,福島県,会津美里町,3380.0,17034.0,19.84,町,https://page.line.me/aizumisato,2025-12-03
,西郷村,福島県,福島県西郷村,917.0,21244.0,4.32,村,https://page.line.me/nishigo_vill,2025-12-03
,泉崎村,福島県,泉崎村,1364.0,5861.0,23.27,村,https://page.line.me/izumizaki,2025-12-03
,中島村,福島県,福島県中島村,358.0,4571.0,7.83,村,https://page.line.me/nakajimamura,2025-12-03
,矢吹町,福島県,矢吹町,1073.0,16730.0,6.41,町,https://page.line.me/yabuki.town,2025-12-03
,棚倉町,福島県,棚倉町,926.0,12073.0,7.67,町,https://page.line.me/tanaguratown,2025-12-03
,塙町,福島県,塙町,581.0,7498.0,7.75,町,https://page.line.me/hanawa_town,2025-12-03
,石川町,福島県,福島県石川町,1810.0,13244.0,13.67,町,https://page.line.me/town.ishikawa,2025-12-03
,玉川村,福島県,福島県玉川村,722.0,5743.0,12.57,村,https://page.line.me/tamakawa.vill,2025-12-03
,平田村,福島県,平田村,368.0,5169.0,7.12,村,https://page.line.me/hiratavillage,2025-12-03
,浅川町,福島県,浅川町,466.0,5460.0,8.53,町,https://page.line.me/asakawatown,2025-12-03
,古殿町,福島県,古殿町,1220.0,4182.0,29.17,町,https://page.line.me/furudono_town,2025-12-03
,三春町,福島県,三春町,11204.0,16026.0,69.91,町,https://page.line.me/miharutown,2025-12-03
,小野町,福島県,小野町,1520.0,8294.0,18.33,町,https://page.line.me/onotown,2025-12-03
,楢葉町,福島県,福島県楢葉町,1276.0,3248.0,39.29,町,https://page.line.me/narahatown,2025-12-03
,富岡町,福島県,富岡町,1613.0,11074.0,14.57,町,https://page.line.me/tomioka-town,2025-12-03
,川内村,福島県,川内村,162.0,1701.0,9.52,村,https://page.line.me/kawauchi_line,2025-12-03
,大熊町,福島県,大熊町,790.0,9848.0,8.02,町,https://page.line.me/okuma.town,2025-12-03
,飯舘村,福島県,飯舘村,858.0,407.0,210.81,村,https://page.line.me/iitate_village,2025-12-03
,茨城県,茨城県,茨城県,31134.0,2791231.0,1.12,都道府県,https://page.line.me/ibarakiken,2025-12-03
,水戸市,茨城県,水戸市役所,84229.0,265768.0,31.69,市,https://page.line.me/mitocity,2025-12-03
,日立市,茨城県,日立市,21620.0,160211.0,13.49,市,https://page.line.me/hitachi-city,2025-12-03
,土浦市,茨城県,土浦市,14451.0,141665.0,10.2,市,https://page.line.me/tsuchiuracity,2025-12-03
,古河市,茨城県,古河市,44953.0,136386.0,32.96,市,https://page.line.me/koga_city,2025-12-03
,石岡市,茨城県,石岡市,6345.0,68391.0,9.28,市,https://page.line.me/ishioka_city,2025-12-03
,結城市,茨城県,結城市,7597.0,48462.0,15.68,市,https://page.line.me/yuki-city,2025-12-03
,龍ケ崎市,茨城県,龍ケ崎市役所,41728.0,74292.0,56.17,市,https://page.line.me/ryugasaki-city,2025-12-03
,下妻市,茨城県,下妻市,23745.0,41107.0,57.76,市,https://page.line.me/shimotsuma_ibaraki,2025-12-03
,常総市,茨城県,常総市,18334.0,58236.0,31.48,市,https://page.line.me/joso_city,2025-12-03
,高萩市,茨城県,高萩市,4942.0,25027.0,19.75,市,https://page.line.me/takahagicity,2025-12-03
,北茨城市,茨城県,北茨城市,8651.0,38462.0,22.49,市,https://page.line.me/kitaibaraki_city,2025-12-03
,笠間市,茨城県,笠間市,10395.0,70282.0,14.79,市,https://page.line.me/kasama_city,2025-12-03
,取手市,茨城県,取手市役所,16024.0,103282.0,15.51,市,https://page.line.me/toridecity,2025-12-03
,牛久市,茨城県,牛久市役所,18450.0,83082.0,22.21,市,https://page.line.me/ushikucity,2025-12-03
,つくば市,茨城県,つくば市,47328.0,263044.0,17.99,市,https://page.line.me/tsukubacity,2025-12-03
,ひたちなか市,茨城県,ひたちなか市,36311.0,152136.0,23.87,市,https://page.line.me/hitachinakacity,2025-12-03
,鹿嶋市,茨城県,茨城県鹿嶋市,11993.0,63891.0,18.77,市,https://page.line.me/kashima_city,2025-12-03
,潮来市,茨城県,茨城県 潮来市,6124.0,25696.0,23.83,市,https://page.line.me/itako082236,2025-12-03
,那珂市,茨城県,那珂市役所,9391.0,51651.0,18.18,市,https://page.line.me/naka-city,2025-12-03
,筑西市,茨城県,筑西市,14124.0,96481.0,14.64,市,https://page.line.me/chikusei-city,2025-12-03
,坂東市,茨城県,坂東市,5123.0,50519.0,10.14,市,https://page.line.me/bando-city,2025-12-03
,稲敷市,茨城県,稲敷市役所,3218.0,35531.0,9.06,市,https://page.line.me/inashiki_city,2025-12-03
,かすみがうら市,茨城県,かすみがうら市,1728.0,38260.0,4.52,市,https://page.line.me/kasumigaura_city,2025-12-03
,桜川市,茨城県,桜川市,16312.0,35543.0,45.89,市,https://page.line.me/sakuragawa_city,2025-12-03
,神栖市,茨城県,茨城県神栖市,4689.0,93388.0,5.02,市,https://page.line.me/kamisu_city,2025-12-03
,行方市,茨城県,行方市,14277.0,29267.0,48.78,市,https://page.line.me/namegatacity,2025-12-03
,鉾田市,茨城県,茨城県鉾田市,3650.0,43699.0,8.35,市,https://page.line.me/hokotacity,2025-12-03
,つくばみらい市,茨城県,つくばみらい市,17636.0,51567.0,34.2,市,https://page.line.me/tsukubamiraicity,2025-12-03
,茨城町,茨城県,茨城町,3113.0,29573.0,10.53,町,https://page.line.me/ibarakitown,2025-12-03
,大洗町,茨城県,アライッペ,971.0,14481.0,6.71,町,https://page.line.me/469aifgg,2025-12-03
,東海村,茨城県,東海村役場,12489.0,37645.0,33.18,村,https://page.line.me/tokai_vill,2025-12-03
,大子町,茨城県,大子町,1073.0,13498.0,7.95,町,https://page.line.me/daigo-town,2025-12-03
,美浦村,茨城県,茨城県美浦村,444.0,13485.0,3.29,村,https://page.line.me/mihovillage,2025-12-03
,阿見町,茨城県,阿見町,6008.0,50637.0,11.86,町,https://page.line.me/ami_ibaraki,2025-12-03
,八千代町,茨城県,八千代町,1423.0,20165.0,7.06,町,https://page.line.me/yachiyo_town,2025-12-03
,五霞町,茨城県,五霞町,2426.0,7488.0,32.4,町,https://page.line.me/goka.town08542,2025-12-03
,境町,茨城県,境町,1146.0,23814.0,4.81,町,https://page.line.me/sakaitown,2025-12-03
,栃木県,栃木県,栃木県,74120.0,1868706.0,3.97,都道府県,https://page.line.me/pref_tochigi,2025-12-03
,宇都宮市,栃木県,宇都宮市,42602.0,511106.0,8.34,市,https://page.line.me/utsunomiyacity,2025-12-03
,足利市,栃木県,足利市,48677.0,136919.0,35.55,市,https://page.line.me/ashikaga_city,2025-12-03
,栃木市,栃木県,栃木市,3566.0,148789.0,2.4,市,https://page.line.me/tochigicity,2025-12-03
,佐野市,栃木県,佐野市,18201.0,110830.0,16.42,市,https://page.line.me/sano_city,2025-12-03
,鹿沼市,栃木県,鹿沼市,13544.0,89653.0,15.11,市,https://page.line.me/kanumacity,2025-12-03
,日光市,栃木県,日光市,6746.0,71700.0,9.41,市,https://page.line.me/nikkocity,2025-12-03
,小山市,栃木県,小山市,7684.0,165955.0,4.63,市,https://page.line.me/oyamacity,2025-12-03
,真岡市,栃木県,真岡市,3529.0,76208.0,4.63,市,https://page.line.me/mokacity,2025-12-03
,大田原市,栃木県,大田原市,17581.0,68753.0,25.57,市,https://page.line.me/ohtawara_city,2025-12-03
,矢板市,栃木県,矢板市,7544.0,29051.0,25.97,市,https://page.line.me/yaita_city,2025-12-03
,那須塩原市,栃木県,那須塩原市役所,20546.0,112996.0,18.18,市,https://page.line.me/nasushiobara.city,2025-12-03
,さくら市,栃木県,さくら市,6366.0,43919.0,14.49,市,https://page.line.me/sakura_city,2025-12-03
,那須烏山市,栃木県,那須烏山市,10656.0,22262.0,47.87,市,https://page.line.me/nasukara-1112,2025-12-03
,下野市,栃木県,下野市,1553.0,58751.0,2.64,市,https://page.line.me/city_shimotsuke,2025-12-03
,上三川町,栃木県,上三川町,2019.0,29991.0,6.73,町,https://page.line.me/kaminokawa_town,2025-12-03
,益子町,栃木県,益子町,1266.0,20342.0,6.22,町,https://page.line.me/mashikotown,2025-12-03
,市貝町,栃木県,市貝町,1016.0,10466.0,9.71,町,https://page.line.me/ichikaitown,2025-12-03
,芳賀町,栃木県,芳賀町,1132.0,14554.0,7.78,町,https://page.line.me/haga_town,2025-12-03
,壬生町,栃木県,壬生町,2622.0,38354.0,6.84,町,https://page.line.me/mibu_town,2025-12-03
,野木町,栃木県,野木町,1797.0,24157.0,7.44,町,https://page.line.me/townnogi,2025-12-03
,塩谷町,栃木県,塩谷町,1119.0,9082.0,12.32,町,https://page.line.me/shioya_town,2025-12-03
,那須町,栃木県,那須町役場,3910.0,22528.0,17.36,町,https://page.line.me/nasu.town,2025-12-03
,群馬県,群馬県,群馬県,33785.0,1876416.0,1.8,都道府県,https://page.line.me/pref_gunma,2025-12-03
,前橋市,群馬県,前橋市,12333.0,324954.0,3.8,市,https://page.line.me/maebashicity,2025-12-03
,高崎市,群馬県,高崎市,30975.0,365316.0,8.48,市,https://page.line.me/kouhou8501,2025-12-03
,伊勢崎市,群馬県,伊勢崎市,7383.0,210431.0,3.51,市,https://page.line.me/isesaki_city,2025-12-03
,太田市,群馬県,太田市,53907.0,221312.0,24.36,市,https://page.line.me/ota_city,2025-12-03
,沼田市,群馬県,沼田市,3263.0,41431.0,7.88,市,https://page.line.me/numata.city,2025-12-03
,館林市,群馬県,館林市,14781.0,73009.0,20.25,市,https://page.line.me/tatebayashi_city,2025-12-03
,渋川市,群馬県,渋川市,15915.0,69997.0,22.74,市,https://page.line.me/shibukawacity,2025-12-03
,藤岡市,群馬県,藤岡市,6333.0,59821.0,10.59,市,https://page.line.me/fujiokacity,2025-12-03
,富岡市,群馬県,富岡市,34408.0,44218.0,77.81,市,https://page.line.me/tomiokacity,2025-12-03
,安中市,群馬県,安中市,7112.0,51183.0,13.9,市,https://page.line.me/annakacity,2025-12-03
,みどり市,群馬県,みどり市,9186.0,47678.0,19.27,市,https://page.line.me/midoricity,2025-12-03
,榛東村,群馬県,榛東村,2545.0,14054.0,18.11,村,https://page.line.me/shinto_vill,2025-12-03
,吉岡町,群馬県,吉岡町,3062.0,22775.0,13.44,町,https://page.line.me/yoshioka_town,2025-12-03
,神流町,群馬県,神流町,877.0,1354.0,64.77,町,https://page.line.me/kanna,2025-12-03
,下仁田町,群馬県,下仁田町,639.0,5480.0,11.66,町,https://page.line.me/shimonita,2025-12-03
,甘楽町,群馬県,甘楽町,1782.0,11883.0,15.0,町,https://page.line.me/kanra,2025-12-03
,中之条町,群馬県,中之条町,5345.0,13982.0,38.23,町,https://page.line.me/nakanojo.town,2025-12-03
,草津町,群馬県,草津町,1300.0,5814.0,22.36,町,https://page.line.me/kusatsu.town,2025-12-03
,高山村,群馬県,群馬県高山村,1092.0,3112.0,35.09,村,https://page.line.me/gunma.takayama,2025-12-03
,川場村,群馬県,群馬県川場村,471.0,3176.0,14.83,村,https://page.line.me/kawaba,2025-12-03
,玉村町,群馬県,玉村町,2871.0,35073.0,8.19,町,https://page.line.me/tamamura_town,2025-12-03
,板倉町,群馬県,板倉町,2403.0,13104.0,18.34,町,https://page.line.me/line.itakura,2025-12-03
,明和町,群馬県,群馬県明和町,1901.0,10391.0,18.29,町,https://page.line.me/gunma-meiwa,2025-12-03
,千代田町,群馬県,ちよだ魅力発信室,3807.0,10369.0,36.72,町,https://page.line.me/738uabwy,2025-12-03
,大泉町,群馬県,大泉町,8999.0,41598.0,21.63,町,https://page.line.me/oizumi,2025-12-03
,邑楽町,群馬県,邑楽町,3520.0,24753.0,14.22,町,https://page.line.me/ora_town,2025-12-03
,埼玉県,埼玉県,埼玉県庁,776521.0,7322991.0,10.6,都道府県,https://page.line.me/bfo2713i,2025-12-03
,さいたま市,埼玉県,さいたま市,93932.0,1356136.0,6.93,市,https://page.line.me/saitamacity,2025-12-03
,川越市,埼玉県,川越市,32283.0,354242.0,9.11,市,https://page.line.me/kawagoecity,2025-12-03
,熊谷市,埼玉県,熊谷市,64927.0,188896.0,34.37,市,https://page.line.me/kumagaya_city,2025-12-03
,川口市,埼玉県,川口市,88073.0,595396.0,14.79,市,https://page.line.me/kawaguchi_city,2025-12-03
,行田市,埼玉県,行田市,37393.0,75724.0,49.38,市,https://page.line.me/gyodacity,2025-12-03
,秩父市,埼玉県,秩父市,48749.0,54807.0,88.95,市,https://page.line.me/chichibu_city,2025-12-03
,所沢市,埼玉県,所沢市,139863.0,340762.0,41.04,市,https://page.line.me/tokorozawacity,2025-12-03
,加須市,埼玉県,加須市,54297.0,110589.0,49.1,市,https://page.line.me/kazocity,2025-12-03
,本庄市,埼玉県,本庄市,29431.0,76938.0,38.25,市,https://page.line.me/honjo-city,2025-12-03
,東松山市,埼玉県,東松山市,17324.0,92804.0,18.67,市,https://page.line.me/e_matuyama_city,2025-12-03
,春日部市,埼玉県,春日部市,13737.0,225190.0,6.1,市,https://page.line.me/kasukabecity,2025-12-03
,狭山市,埼玉県,狭山市,7996.0,146099.0,5.47,市,https://page.line.me/citysayama,2025-12-03
,羽生市,埼玉県,羽生市,25215.0,52032.0,48.46,市,https://page.line.me/hanyucity,2025-12-03
,鴻巣市,埼玉県,鴻巣市,11226.0,116488.0,9.64,市,https://page.line.me/konosu_city,2025-12-03
,深谷市,埼玉県,深谷市,16443.0,138694.0,11.86,市,https://page.line.me/fukayacity,2025-12-03
,上尾市,埼玉県,上尾市,13091.0,228405.0,5.73,市,https://page.line.me/ageocity,2025-12-03
,草加市,埼玉県,草加市,21875.0,250547.0,8.73,市,https://page.line.me/city_soka,2025-12-03
,越谷市,埼玉県,越谷市,26241.0,338134.0,7.76,市,https://page.line.me/citykoshigaya,2025-12-03
,蕨市,埼玉県,蕨市,7629.0,75811.0,10.06,市,https://page.line.me/warabi_city,2025-12-03
,戸田市,埼玉県,戸田市,29910.0,142650.0,20.97,市,https://page.line.me/toda.linebot2020,2025-12-03
,入間市,埼玉県,入間市,31400.0,140814.0,22.3,市,https://page.line.me/irumacity,2025-12-03
,朝霞市,埼玉県,朝霞市,9310.0,144556.0,6.44,市,https://page.line.me/asakashi,2025-12-03
,志木市,埼玉県,志木市,8995.0,75114.0,11.98,市,https://page.line.me/qer3886u,2025-12-03
,和光市,埼玉県,和光市,17312.0,84816.0,20.41,市,https://page.line.me/wakocity,2025-12-03
,新座市,埼玉県,新座市役所,8589.0,166149.0,5.17,市,https://page.line.me/niizashi,2025-12-03
,桶川市,埼玉県,桶川市,4915.0,73635.0,6.67,市,https://page.line.me/okegawacity,2025-12-03
,久喜市,埼玉県,久喜市,12164.0,148714.0,8.18,市,https://page.line.me/kuki,2025-12-03
,北本市,埼玉県,北本市,6785.0,64195.0,10.57,市,https://page.line.me/kitamotocity,2025-12-03
,八潮市,埼玉県,八潮市,3656.0,94761.0,3.86,市,https://page.line.me/yashiocity,2025-12-03
,富士見市,埼玉県,富士見市,13180.0,113405.0,11.62,市,https://page.line.me/fujimi_city,2025-12-03
,三郷市,埼玉県,三郷市,3719.0,141289.0,2.63,市,https://page.line.me/misatocity,2025-12-03
,蓮田市,埼玉県,蓮田市,32388.0,60844.0,53.23,市,https://page.line.me/hasudacity,2025-12-03
,坂戸市,埼玉県,坂戸市,6015.0,99337.0,6.06,市,https://page.line.me/sakadocity,2025-12-03
,幸手市,埼玉県,幸手市,1919.0,48196.0,3.98,市,https://page.line.me/satte_city,2025-12-03
,鶴ヶ島市,埼玉県,鶴ヶ島市,16194.0,69881.0,23.17,市,https://page.line.me/tsurugashimacity,2025-12-03
,日高市,埼玉県,日高市役所,20463.0,53013.0,38.6,市,https://page.line.me/hidakacity,2025-12-03
,吉川市,埼玉県,吉川市,6093.0,70965.0,8.59,市,https://page.line.me/yoshikawa_city,2025-12-03
,ふじみ野市,埼玉県,ふじみ野市,6941.0,113471.0,6.12,市,https://page.line.me/fujimino_city,2025-12-03
,白岡市,埼玉県,白岡市,6229.0,52060.0,11.97,市,https://page.line.me/shiraoka-koho,2025-12-03
,伊奈町,埼玉県,伊奈町,6805.0,44838.0,15.18,町,https://page.line.me/ina-town,2025-12-03
,三芳町,埼玉県,三芳町（埼玉県）,3376.0,37676.0,8.96,町,https://page.line.me/miyoshi_machi,2025-12-03
,毛呂山町,埼玉県,毛呂山町,12294.0,33912.0,36.25,町,https://page.line.me/xat.0000171629.cry,2025-12-03
,越生町,埼玉県,越生町役場,649.0,10240.0,6.34,町,https://page.line.me/162ffopl,2025-12-03
,滑川町,埼玉県,滑川町,2122.0,20006.0,10.61,町,https://page.line.me/namegawa_town,2025-12-03
,嵐山町,埼玉県,嵐山町,2151.0,17442.0,12.33,町,https://page.line.me/ranzan_town,2025-12-03
,小川町,埼玉県,小川町情報 スモリバ,14145.0,26383.0,53.61,町,https://page.line.me/sumoriba,2025-12-03
,川島町,埼玉県,川島町,5704.0,18173.0,31.39,町,https://page.line.me/kawajima.town,2025-12-03
,吉見町,埼玉県,吉見町,2495.0,16867.0,14.79,町,https://page.line.me/yoshimi-machi,2025-12-03
,鳩山町,埼玉県,鳩山町,1769.0,12653.0,13.98,町,https://page.line.me/hatoyama.town,2025-12-03
,ときがわ町,埼玉県,ときがわ町,608.0,9753.0,6.23,町,https://page.line.me/tokigawamachi,2025-12-03
,横瀬町,埼玉県,横瀬町-YokozeTown-,2173.0,7347.0,29.58,町,https://page.line.me/yokozetown,2025-12-03
,皆野町,埼玉県,皆野町,1019.0,8539.0,11.93,町,https://page.line.me/minano.town,2025-12-03
,小鹿野町,埼玉県,小鹿野町,1847.0,9536.0,19.37,町,https://page.line.me/ogano,2025-12-03
,美里町,埼玉県,美里町,2293.0,10526.0,21.78,町,https://page.line.me/misato_town,2025-12-03
,神川町,埼玉県,神川町,5084.0,12594.0,40.37,町,https://page.line.me/kamikawatown,2025-12-03
,上里町,埼玉県,上里町,4806.0,29917.0,16.06,町,https://page.line.me/kamisato,2025-12-03
,宮代町,埼玉県,宮代町,15300.0,33589.0,45.55,町,https://page.line.me/miyashiro_machi,2025-12-03
,杉戸町,埼玉県,杉戸町,1380.0,42569.0,3.24,町,https://page.line.me/sugito,2025-12-03
,松伏町,埼玉県,松伏町,9232.0,26944.0,34.26,町,https://page.line.me/matsubushi,2025-12-03
,千葉県,千葉県,千葉県,210257.0,6277188.0,3.35,都道府県,https://page.line.me/chibaken_kouhou,2025-12-03
,千葉市,千葉県,千葉市,94872.0,987361.0,9.61,市,https://page.line.me/chibacity,2025-12-03
,銚子市,千葉県,銚子市,6870.0,52235.0,13.15,市,https://page.line.me/choshi-city,2025-12-03
,市川市,千葉県,市川市,89553.0,502554.0,17.82,市,https://page.line.me/ichikawa-city,2025-12-03
,船橋市,千葉県,船橋市,53747.0,651220.0,8.25,市,https://page.line.me/funabashi-city,2025-12-03
,館山市,千葉県,館山市,9300.0,42201.0,22.04,市,https://page.line.me/tateyama_city,2025-12-03
,木更津市,千葉県,木更津市,25812.0,136881.0,18.86,市,https://page.line.me/kisarazu,2025-12-03
,松戸市,千葉県,松戸市,44897.0,501080.0,8.96,市,https://page.line.me/matsudo.city,2025-12-03
,野田市,千葉県,野田市,10217.0,151531.0,6.74,市,https://page.line.me/nodacity,2025-12-03
,茂原市,千葉県,茂原市,5050.0,83652.0,6.04,市,https://page.line.me/mobaracity,2025-12-03
,成田市,千葉県,成田市,18107.0,134316.0,13.48,市,https://page.line.me/narita_city,2025-12-03
,佐倉市,千葉県,佐倉市,16785.0,163529.0,10.26,市,https://page.line.me/sakuracity_chiba,2025-12-03
,東金市,千葉県,東金市,8300.0,56658.0,14.65,市,https://page.line.me/togane_city,2025-12-03
,旭市,千葉県,旭市,7449.0,60125.0,12.39,市,https://page.line.me/asahicity,2025-12-03
,習志野市,千葉県,習志野市,97054.0,175965.0,55.16,市,https://page.line.me/narashino.city,2025-12-03
,柏市,千葉県,柏市役所,55207.0,438039.0,12.6,市,https://page.line.me/kashiwa_shi,2025-12-03
,勝浦市,千葉県,勝浦市,1359.0,14903.0,9.12,市,https://page.line.me/katsuura_city,2025-12-03
,市原市,千葉県,市原市,37217.0,261143.0,14.25,市,https://page.line.me/ichiharacity,2025-12-03
,流山市,千葉県,流山市,41893.0,215044.0,19.48,市,https://page.line.me/nagareyamacity,2025-12-03
,八千代市,千葉県,八千代市,15978.0,205995.0,7.76,市,https://page.line.me/yachiyo_city,2025-12-03
,我孫子市,千葉県,我孫子市,47197.0,130390.0,36.2,市,https://page.line.me/abiko_city,2025-12-03
,鴨川市,千葉県,鴨川市,6775.0,29540.0,22.94,市,https://page.line.me/kamogawa_city,2025-12-03
,鎌ケ谷市,千葉県,鎌ケ谷市,51089.0,110079.0,46.41,市,https://page.line.me/kamagaya_city,2025-12-03
,君津市,千葉県,君津市,18255.0,77932.0,23.42,市,https://page.line.me/kimitsu_city,2025-12-03
,富津市,千葉県,富津市,9967.0,38701.0,25.75,市,https://page.line.me/futtsu_city,2025-12-03
,浦安市,千葉県,浦安市,21816.0,172949.0,12.61,市,https://page.line.me/urayasu_city,2025-12-03
,四街道市,千葉県,四街道市,6575.0,94915.0,6.93,市,https://page.line.me/yotsukaidocity,2025-12-03
,袖ケ浦市,千葉県,袖ケ浦市,10758.0,65035.0,16.54,市,https://page.line.me/sodegaura_city,2025-12-03
,八街市,千葉県,八街市,17874.0,65256.0,27.39,市,https://page.line.me/yachimata_city,2025-12-03
,印西市,千葉県,印西市,12695.0,109254.0,11.62,市,https://page.line.me/inzaicity,2025-12-03
,白井市,千葉県,白井市,17342.0,60994.0,28.43,市,https://page.line.me/shiroi_city,2025-12-03
,富里市,千葉県,富里市,5640.0,49611.0,11.37,市,https://page.line.me/tomisato_city,2025-12-03
,南房総市,千葉県,南房総市,3501.0,32166.0,10.88,市,https://page.line.me/city_minamiboso,2025-12-03
,匝瑳市,千葉県,匝瑳市,1859.0,32155.0,5.78,市,https://page.line.me/sosa_city,2025-12-03
,香取市,千葉県,千葉県香取市,5851.0,66646.0,8.78,市,https://page.line.me/katori_city,2025-12-03
,山武市,千葉県,山武市,5733.0,45328.0,12.65,市,https://page.line.me/sammucity,2025-12-03
,大網白里市,千葉県,大網白里市,8479.0,46418.0,18.27,市,https://page.line.me/oamishirasato,2025-12-03
,酒々井町,千葉県,酒々井町,2116.0,20120.0,10.52,町,https://page.line.me/shisui_town,2025-12-03
,栄町,千葉県,千葉県栄町,8659.0,19269.0,44.94,町,https://page.line.me/sakae_town,2025-12-03
,神崎町,千葉県,神崎町,1336.0,5497.0,24.3,町,https://page.line.me/kozaki_town,2025-12-03
,多古町,千葉県,多古町,5273.0,12508.0,42.16,町,https://page.line.me/tako_town,2025-12-03
,東庄町,千葉県,東庄町,1453.0,11955.0,12.15,町,https://page.line.me/tonosho_town,2025-12-03
,九十九里町,千葉県,九十九里町,1911.0,12978.0,14.72,町,https://page.line.me/kujukuri_town,2025-12-03
,横芝光町,千葉県,横芝光町,728.0,20575.0,3.54,町,https://page.line.me/yokoshibahikari,2025-12-03
,睦沢町,千葉県,睦沢町,555.0,6282.0,8.83,町,https://page.line.me/mutsuzawa-line,2025-12-03
,長生村,千葉県,千葉県長生村,3168.0,12896.0,24.57,村,https://page.line.me/chosei,2025-12-03
,白子町,千葉県,白子町,894.0,9580.0,9.33,町,https://page.line.me/shirako.town,2025-12-03
,長柄町,千葉県,長柄町役場,813.0,6070.0,13.39,町,https://page.line.me/nagara-town,2025-12-03
,長南町,千葉県,長南町役場,1078.0,6381.0,16.89,町,https://page.line.me/chonan-town,2025-12-03
,鋸南町,千葉県,鋸南町,1862.0,6089.0,30.58,町,https://page.line.me/kyonanmachi,2025-12-03
,東京都,東京都,東京都,2894250.0,14273066.0,20.28,都道府県,https://page.line.me/tokyoto,2025-12-03
,千代田区,東京都,千代田区,23855.0,68903.0,34.62,市,https://page.line.me/chiyoda_city,2025-12-03
,中央区,東京都,中央区,19420.0,188986.0,10.28,市,https://page.line.me/tokyochuo.city,2025-12-03
,港区,東京都,東京都港区,41667.0,270588.0,15.4,市,https://page.line.me/minatocity,2025-12-03
,新宿区,東京都,新宿区,16627.0,360787.0,4.61,市,https://page.line.me/shinjukucity,2025-12-03
,文京区,東京都,文京区,35933.0,249872.0,14.38,市,https://page.line.me/bunkyocity,2025-12-03
,台東区,東京都,台東区,16801.0,225769.0,7.44,市,https://page.line.me/taito_city,2025-12-03
,墨田区,東京都,墨田区,15186.0,285361.0,5.32,市,https://page.line.me/sumida_city,2025-12-03
,江東区,東京都,江東区,77883.0,541389.0,14.39,市,https://page.line.me/city_koto,2025-12-03
,品川区,東京都,品川区,61143.0,430655.0,14.2,市,https://page.line.me/shinagawa_city,2025-12-03
,目黒区,東京都,目黒区,193379.0,288713.0,66.98,市,https://page.line.me/meguro_city,2025-12-03
,大田区,東京都,大田区,43427.0,757230.0,5.73,市,https://page.line.me/otacity,2025-12-03
,世田谷区,東京都,世田谷区,106606.0,950540.0,11.22,市,https://page.line.me/setagayacity,2025-12-03
,渋谷区,東京都,渋谷区,136875.0,244742.0,55.93,市,https://page.line.me/shibuyacity,2025-12-03
,中野区,東京都,中野区,20929.0,353922.0,5.91,市,https://page.line.me/nakanoku,2025-12-03
,杉並区,東京都,杉並区,43189.0,599195.0,7.21,市,https://page.line.me/suginamicity,2025-12-03
,豊島区,東京都,豊島区,19065.0,311011.0,6.13,市,https://page.line.me/city_toshima,2025-12-03
,北区,東京都,東京都北区,25087.0,369043.0,6.8,市,https://page.line.me/kitacity,2025-12-03
,荒川区,東京都,荒川区,16707.0,225695.0,7.4,市,https://page.line.me/arakawaku,2025-12-03
,板橋区,東京都,板橋区,33651.0,597150.0,5.64,市,https://page.line.me/itabashi,2025-12-03
,練馬区,東京都,練馬区,47453.0,761999.0,6.23,市,https://page.line.me/nerimacity,2025-12-03
,足立区,東京都,足立区,79330.0,706352.0,11.23,市,https://page.line.me/adachicity,2025-12-03
,葛飾区,東京都,葛飾区,26774.0,461493.0,5.8,市,https://page.line.me/katsushika_city,2025-12-03
,江戸川区,東京都,江戸川区,29758.0,698249.0,4.26,市,https://page.line.me/edogawa_city,2025-12-03
,八王子市,東京都,東京都八王子市,40714.0,576747.0,7.06,市,https://page.line.me/hachioji_city,2025-12-03
,立川市,東京都,立川市,21013.0,186487.0,11.27,市,https://page.line.me/tachikawa_tokyo,2025-12-03
,武蔵野市,東京都,武蔵野市,28281.0,150683.0,18.77,市,https://page.line.me/musashinocity,2025-12-03
,三鷹市,東京都,三鷹市,12250.0,196482.0,6.23,市,https://page.line.me/mitaka_tokyo,2025-12-03
,青梅市,東京都,青梅市,52790.0,129922.0,40.63,市,https://page.line.me/omecity,2025-12-03
,府中市,東京都,府中市,37425.0,264725.0,14.14,市,https://page.line.me/fuchu_city,2025-12-03
,昭島市,東京都,昭島市,9113.0,116285.0,7.84,市,https://page.line.me/akishimacity,2025-12-03
,調布市,東京都,調布市,35535.0,245875.0,14.45,市,https://page.line.me/chofucity,2025-12-03
,町田市,東京都,東京都町田市,94249.0,432409.0,21.8,市,https://page.line.me/tokyo_machida,2025-12-03
,小金井市,東京都,小金井市,10294.0,128458.0,8.01,市,https://page.line.me/koganeicity,2025-12-03
,小平市,東京都,小平市,14256.0,200849.0,7.1,市,https://page.line.me/kodairacity,2025-12-03
,日野市,東京都,日野市,41754.0,192585.0,21.68,市,https://page.line.me/hinocity,2025-12-03
,東村山市,東京都,東村山市,5632.0,152377.0,3.7,市,https://page.line.me/higashimurayamashi,2025-12-03
,国立市,東京都,国立市,24895.0,77038.0,32.32,市,https://page.line.me/city_kunitachi,2025-12-03
,福生市,東京都,福生市,7959.0,56186.0,14.17,市,https://page.line.me/fussacityhall,2025-12-03
,狛江市,東京都,狛江市,55597.0,83666.0,66.45,市,https://page.line.me/komaecity,2025-12-03
,東大和市,東京都,東大和市,21211.0,83496.0,25.4,市,https://page.line.me/higashiyamatocity,2025-12-03
,清瀬市,東京都,清瀬市,2113.0,76996.0,2.74,市,https://page.line.me/kiyosecity,2025-12-03
,東久留米市,東京都,東久留米市,15172.0,114659.0,13.23,市,https://page.line.me/higashikurume,2025-12-03
,武蔵村山市,東京都,武蔵村山市,16331.0,69275.0,23.57,市,https://page.line.me/mmcity,2025-12-03
,多摩市,東京都,多摩市役所,23509.0,146720.0,16.02,市,https://page.line.me/tama_city,2025-12-03
,羽村市,東京都,羽村市,7283.0,53520.0,13.61,市,https://page.line.me/hamura_city,2025-12-03
,西東京市,東京都,西東京市,16555.0,208353.0,7.95,市,https://page.line.me/nishitokyo-city,2025-12-03
,日の出町,東京都,東京都日の出町,1954.0,16210.0,12.05,町,https://page.line.me/hinode_tokyo,2025-12-03
,横浜市,神奈川県,横浜市,908089.0,3772267.0,24.07,市,https://page.line.me/cityofyokohama,2025-12-03
,川崎市,神奈川県,川崎市,63344.0,1558559.0,4.06,市,https://page.line.me/kawasakicity,2025-12-03
,相模原市,神奈川県,相模原市,55827.0,721801.0,7.73,市,https://page.line.me/sagamihara_city,2025-12-03
,横須賀市,神奈川県,横須賀市,171235.0,367015.0,46.66,市,https://page.line.me/yokosuka_official,2025-12-03
,平塚市,神奈川県,平塚市,27004.0,257783.0,10.48,市,https://page.line.me/hiratsukacity,2025-12-03
,鎌倉市,神奈川県,鎌倉市,6969.0,169530.0,4.11,市,https://page.line.me/kamakurasukusuku,2025-12-03
,藤沢市,神奈川県,藤沢市,133427.0,443496.0,30.09,市,https://page.line.me/fujisawacity,2025-12-03
,小田原市,神奈川県,小田原市,6530.0,184944.0,3.53,市,https://page.line.me/odawaracity,2025-12-03
,茅ヶ崎市,神奈川県,茅ヶ崎市,58308.0,245034.0,23.8,市,https://page.line.me/chigasakicity,2025-12-03
,逗子市,神奈川県,逗子市,18520.0,54882.0,33.75,市,https://page.line.me/zushi-city,2025-12-03
,三浦市,神奈川県,三浦市,26347.0,38811.0,67.89,市,https://page.line.me/miuracity,2025-12-03
,秦野市,神奈川県,秦野市,31454.0,159946.0,19.67,市,https://page.line.me/hadano_city,2025-12-03
,厚木市,神奈川県,厚木市,36907.0,222797.0,16.57,市,https://page.line.me/atsugi_city,2025-12-03
,大和市,神奈川県,大和市,45864.0,244822.0,18.73,市,https://page.line.me/city_yamato,2025-12-03
,伊勢原市,神奈川県,伊勢原市,27847.0,100621.0,27.68,市,https://page.line.me/isehara_city,2025-12-03
,海老名市,神奈川県,海老名市,50184.0,141451.0,35.48,市,https://page.line.me/ebinacity,2025-12-03
,座間市,神奈川県,座間市,109309.0,131890.0,82.88,市,https://page.line.me/zama_city,2025-12-03
,南足柄市,神奈川県,南足柄市,3726.0,38845.0,9.59,市,https://page.line.me/ashigara_sampo,2025-12-03
,綾瀬市,神奈川県,綾瀬市,17031.0,82703.0,20.59,市,https://page.line.me/ayase_city,2025-12-03
,葉山町,神奈川県,葉山町,13482.0,30318.0,44.47,町,https://page.line.me/hayama_official,2025-12-03
,寒川町,神奈川県,寒川町,22419.0,48209.0,46.5,町,https://page.line.me/samukawatown,2025-12-03
,大磯町,神奈川県,大磯町,1441.0,30533.0,4.72,町,https://page.line.me/oiso_town_official,2025-12-03
,二宮町,神奈川県,二宮町,6205.0,26437.0,23.47,町,https://page.line.me/ninomiyatown,2025-12-03
,中井町,神奈川県,中井町,2241.0,8834.0,25.37,町,https://page.line.me/nakaitown,2025-12-03
,大井町,神奈川県,大井町,2146.0,17127.0,12.53,町,https://page.line.me/oitown,2025-12-03
,松田町,神奈川県,松田町,3800.0,10224.0,37.17,町,https://page.line.me/matsudatown,2025-12-03
,山北町,神奈川県,山北町,1617.0,8916.0,18.14,町,https://page.line.me/yamakitatown,2025-12-03
,開成町,神奈川県,開成町,4759.0,18707.0,25.44,町,https://page.line.me/kaiseitown,2025-12-03
,箱根町,神奈川県,箱根町,4501.0,10790.0,41.71,町,https://page.line.me/hakonetown,2025-12-03
,真鶴町,神奈川県,真鶴町役場,458.0,6007.0,7.62,町,https://page.line.me/manazurutown,2025-12-03
,湯河原町,神奈川県,湯河原町,4391.0,21728.0,20.21,町,https://page.line.me/yugawara_town,2025-12-03
,愛川町,神奈川県,愛川町,2613.0,39088.0,6.68,町,https://page.line.me/aikawatown,2025-12-03
,新潟県,新潟県,新潟県,3446.0,2071066.0,0.17,都道府県,https://page.line.me/niigata.pref,2025-12-03
,新潟市,新潟県,新潟市,158449.0,760085.0,20.85,市,https://page.line.me/niigata_city,2025-12-03
,長岡市,新潟県,長岡市,94330.0,252903.0,37.3,市,https://page.line.me/nagaokacity,2025-12-03
,三条市,新潟県,三条市,20846.0,88690.0,23.5,市,https://page.line.me/sanjo-city,2025-12-03
,柏崎市,新潟県,柏崎市,21970.0,74752.0,29.39,市,https://page.line.me/kashiwazakicity,2025-12-03
,新発田市,新潟県,しばたTOMORROWライン,1921.0,89368.0,2.15,市,https://page.line.me/349exgdo,2025-12-03
,小千谷市,新潟県,小千谷市,9078.0,31534.0,28.79,市,https://page.line.me/ojiya_city,2025-12-03
,加茂市,新潟県,加茂市,4855.0,22839.0,21.26,市,https://page.line.me/niigata_kamo,2025-12-03
,十日町市,新潟県,十日町市,6222.0,44732.0,13.91,市,https://page.line.me/tokamachicity,2025-12-03
,見附市,新潟県,見附市,8693.0,36843.0,23.59,市,https://page.line.me/mitsukecity,2025-12-03
,村上市,新潟県,新潟県村上市,10841.0,51407.0,21.09,市,https://page.line.me/murakami_city,2025-12-03
,燕市,新潟県,燕市,18999.0,73742.0,25.76,市,https://page.line.me/koho-tsubame,2025-12-03
,糸魚川市,新潟県,糸魚川市,10554.0,36519.0,28.9,市,https://page.line.me/itoigawacity,2025-12-03
,妙高市,新潟県,妙高市,9630.0,27784.0,34.66,市,https://page.line.me/myokocity,2025-12-03
,五泉市,新潟県,新潟県五泉市,5323.0,43477.0,12.24,市,https://page.line.me/gosencity,2025-12-03
,上越市,新潟県,上越市,29274.0,176959.0,16.54,市,https://page.line.me/joetsu-city,2025-12-03
,阿賀野市,新潟県,阿賀野市役所,11560.0,37797.0,30.58,市,https://page.line.me/aganocity,2025-12-03
,佐渡市,新潟県,佐渡市役所,18140.0,45319.0,40.03,市,https://page.line.me/ksp2645h,2025-12-03
,魚沼市,新潟県,魚沼市,4841.0,31156.0,15.54,市,https://page.line.me/uonumacity,2025-12-03
,南魚沼市,新潟県,南魚沼市,12421.0,51140.0,24.29,市,https://page.line.me/m-uonuma,2025-12-03
,胎内市,新潟県,胎内市,1397.0,26303.0,5.31,市,https://page.line.me/tainai_city,2025-12-03
,聖籠町,新潟県,聖籠町,3863.0,14040.0,27.51,町,https://page.line.me/seirotown,2025-12-03
,弥彦村,新潟県,弥彦村,1203.0,7194.0,16.72,村,https://page.line.me/yahikomura,2025-12-03
,出雲崎町,新潟県,出雲崎町,640.0,3639.0,17.59,町,https://page.line.me/town.izumozaki,2025-12-03
,湯沢町,新潟県,湯沢町,1165.0,7482.0,15.57,町,https://page.line.me/yuzawa.town,2025-12-03
,刈羽村,新潟県,刈羽村,1342.0,4139.0,32.42,村,https://page.line.me/kariwavillage,2025-12-03
,関川村,新潟県,関川村,1541.0,4366.0,35.3,村,https://page.line.me/sekikawa_vill,2025-12-03
,粟島浦村,新潟県,粟島浦村,458.0,317.0,144.48,村,https://page.line.me/awashima,2025-12-03
,富山県,富山県,富山県,22751.0,986224.0,2.31,都道府県,https://page.line.me/toyamaken,2025-12-03
,富山市,富山県,富山市,80239.0,401456.0,19.99,市,https://page.line.me/toyama_city,2025-12-03
,高岡市,富山県,高岡市,116092.0,158693.0,73.16,市,https://page.line.me/takaoka.city,2025-12-03
,魚津市,富山県,魚津市,17369.0,37368.0,46.48,市,https://page.line.me/uozucity,2025-12-03
,氷見市,富山県,氷見市,17496.0,39247.0,44.58,市,https://page.line.me/himicity,2025-12-03
,滑川市,富山県,滑川市,7988.0,31543.0,25.32,市,https://page.line.me/namerikawa-city,2025-12-03
,黒部市,富山県,黒部市,7595.0,37639.0,20.18,市,https://page.line.me/kurobe.city,2025-12-03
,砺波市,富山県,砺波市,4587.0,46395.0,9.89,市,https://page.line.me/tonami_city,2025-12-03
,小矢部市,富山県,小矢部市,4617.0,26863.0,17.19,市,https://page.line.me/city.oyabe,2025-12-03
,南砺市,富山県,南砺市,3273.0,43641.0,7.5,市,https://page.line.me/nantocity,2025-12-03
,射水市,富山県,射水市,82149.0,87920.0,93.44,市,https://page.line.me/imizu_city,2025-12-03
,上市町,富山県,上市町,4769.0,17645.0,27.03,町,https://page.line.me/kamiichitown,2025-12-03
,立山町,富山県,富山県立山町,11567.0,23409.0,49.41,町,https://page.line.me/tateyamatown,2025-12-03
,入善町,富山県,入善町,4841.0,21544.0,22.47,町,https://page.line.me/nyuzen,2025-12-03
,朝日町,富山県,富山県朝日町,4722.0,9616.0,49.11,町,https://page.line.me/toyama-asahi,2025-12-03
,石川県,石川県,石川県,100928.0,1089858.0,9.26,都道府県,https://page.line.me/ishikawaken,2025-12-03
,金沢市,石川県,金沢市,233144.0,454163.0,51.33,市,https://page.line.me/cityofkanazawa,2025-12-03
,七尾市,石川県,七尾市,29192.0,44555.0,65.52,市,https://page.line.me/nanao.city,2025-12-03
,小松市,石川県,小松市,28772.0,103332.0,27.84,市,https://page.line.me/komatsu-city,2025-12-03
,輪島市,石川県,輪島市,20179.0,18708.0,107.86,市,https://page.line.me/wajimashi,2025-12-03
,珠洲市,石川県,珠洲市,13111.0,9812.0,133.62,市,https://page.line.me/suzucity,2025-12-03
,加賀市,石川県,加賀市役所　Kaga City,6295.0,58747.0,10.72,市,https://page.line.me/kaga-city,2025-12-03
,羽咋市,石川県,羽咋市,8013.0,18759.0,42.72,市,https://page.line.me/hakuishi,2025-12-03
,かほく市,石川県,かほく市,10578.0,35517.0,29.78,市,https://page.line.me/kahoku-city,2025-12-03
,白山市,石川県,白山市,34466.0,109024.0,31.61,市,https://page.line.me/city.hakusan,2025-12-03
,能美市,石川県,能美市,16575.0,48260.0,34.35,市,https://page.line.me/nomicity,2025-12-03
,野々市市,石川県,野々市市,5690.0,58560.0,9.72,市,https://page.line.me/nonoichicity,2025-12-03
,川北町,石川県,川北町,3342.0,6023.0,55.49,町,https://page.line.me/kawakita_town,2025-12-03
,津幡町,石川県,石川県津幡町,15995.0,36880.0,43.37,町,https://page.line.me/tsubata-town,2025-12-03
,内灘町,石川県,内灘町,8425.0,25507.0,33.03,町,https://page.line.me/uchinada-town,2025-12-03
,志賀町,石川県,志賀町,12435.0,16219.0,76.67,町,https://page.line.me/shikatown,2025-12-03
,宝達志水町,石川県,宝達志水町,3631.0,10986.0,33.05,町,https://page.line.me/hodatsushimizu,2025-12-03
,中能登町,石川県,中能登町,4053.0,15164.0,26.73,町,https://page.line.me/nakanoto,2025-12-03
,穴水町,石川県,穴水町,2044.0,6655.0,30.71,町,https://page.line.me/town.anamizu,2025-12-03
,能登町,石川県,能登町,8134.0,12987.0,62.63,町,https://page.line.me/noto.town,2025-12-03
,福井県,福井県,福井県,26255.0,731805.0,3.59,都道府県,https://page.line.me/fukui-pref,2025-12-03
,福井市,福井県,福井市,20632.0,252733.0,8.16,市,https://page.line.me/fukuicity,2025-12-03
,敦賀市,福井県,敦賀市,8777.0,60955.0,14.4,市,https://page.line.me/tsurugacity,2025-12-03
,小浜市,福井県,小浜市,2346.0,27266.0,8.6,市,https://page.line.me/obama-city,2025-12-03
,大野市,福井県,大野市,9754.0,28165.0,34.63,市,https://page.line.me/ono-city,2025-12-03
,勝山市,福井県,勝山市,11563.0,20253.0,57.09,市,https://page.line.me/katsuyamacity,2025-12-03
,鯖江市,福井県,鯖江市役所,55051.0,67035.0,82.12,市,https://page.line.me/sabaecity,2025-12-03
,あわら市,福井県,あわら市,4866.0,25847.0,18.83,市,https://page.line.me/awara_city,2025-12-03
,越前市,福井県,越前市,11741.0,78312.0,14.99,市,https://page.line.me/lineechizen,2025-12-03
,坂井市,福井県,福井県坂井市,13257.0,85464.0,15.51,市,https://page.line.me/fukui_sakai_city,2025-12-03
,永平寺町,福井県,永平寺町役場,5144.0,18140.0,28.36,町,https://page.line.me/eiheiji-town,2025-12-03
,越前町,福井県,越前市,2465.0,18621.0,13.24,町,https://page.line.me/echizentown,2025-12-03
,美浜町,福井県,福井県美浜町,785.0,8409.0,9.34,町,https://page.line.me/mihama_fukui,2025-12-03
,若狭町,福井県,若狭町役場,4652.0,12682.0,36.68,町,https://page.line.me/wakasa-town,2025-12-03
,山梨県,山梨県,山梨県,37702.0,783870.0,4.81,都道府県,https://page.line.me/yamanashipref,2025-12-03
,甲府市,山梨県,甲府市,24663.0,185005.0,13.33,市,https://page.line.me/kofu_city,2025-12-03
,富士吉田市,山梨県,富士吉田市,3811.0,44211.0,8.62,市,https://page.line.me/fujiyoshidashi,2025-12-03
,都留市,山梨県,山梨県都留市,12581.0,29236.0,43.03,市,https://page.line.me/tsuru.city,2025-12-03
,山梨市,山梨県,山梨県山梨市,2875.0,31525.0,9.12,市,https://page.line.me/yamanashicity,2025-12-03
,大月市,山梨県,大月市,9860.0,20219.0,48.77,市,https://page.line.me/otsuki_city,2025-12-03
,韮崎市,山梨県,韮崎市,13763.0,27673.0,49.73,市,https://page.line.me/nirasaki.city,2025-12-03
,南アルプス市,山梨県,南アルプス市,5573.0,69800.0,7.98,市,https://page.line.me/minamialps_city,2025-12-03
,北杜市,山梨県,北杜市,7957.0,42628.0,18.67,市,https://page.line.me/hokutocity,2025-12-03
,甲斐市,山梨県,甲斐市役所,18412.0,75594.0,24.36,市,https://page.line.me/kaicityoffice,2025-12-03
,笛吹市,山梨県,山梨県笛吹市,4183.0,64764.0,6.46,市,https://page.line.me/fuefukicity,2025-12-03
,上野原市,山梨県,上野原市,6435.0,20855.0,30.86,市,https://page.line.me/uenohara_city,2025-12-03
,甲州市,山梨県,甲州市役所,1857.0,27151.0,6.84,市,https://page.line.me/koshucity,2025-12-03
,中央市,山梨県,山梨県中央市,2457.0,30728.0,8.0,市,https://page.line.me/chuocityoffice,2025-12-03
,市川三郷町,山梨県,市川三郷町,3320.0,13434.0,24.71,町,https://page.line.me/ichikawamisatotown,2025-12-03
,富士川町,山梨県,富士川町,7983.0,13267.0,60.17,町,https://page.line.me/fujikawatown,2025-12-03
,昭和町,山梨県,昭和町,1658.0,21766.0,7.62,町,https://page.line.me/showa_town,2025-12-03
,忍野村,山梨県,忍野村,2266.0,9227.0,24.56,村,https://page.line.me/oshino,2025-12-03
,富士河口湖町,山梨県,富士河口湖町,3829.0,26605.0,14.39,町,https://page.line.me/fujikawaguchiko,2025-12-03
,小菅村,山梨県,小菅村,887.0,589.0,150.59,村,https://page.line.me/vill-kosuge,2025-12-03
,長野県,長野県,長野県,151269.0,1971450.0,7.67,都道府県,https://page.line.me/nagano.pref,2025-12-03
,長野市,長野県,長野市,33454.0,358783.0,9.32,市,https://page.line.me/naganocity,2025-12-03
,松本市,長野県,Matsumoto city/松本市,94836.0,235639.0,40.25,市,https://page.line.me/matsumoto_city,2025-12-03
,上田市,長野県,上田市,19739.0,149227.0,13.23,市,https://page.line.me/uedacity,2025-12-03
,岡谷市,長野県,岡谷市,6401.0,44723.0,14.31,市,https://page.line.me/okayacity,2025-12-03
,飯田市,長野県,飯田市,9416.0,92252.0,10.21,市,https://page.line.me/iida.city,2025-12-03
,諏訪市,長野県,諏訪市,16943.0,46627.0,36.34,市,https://page.line.me/suwacity,2025-12-03
,須坂市,長野県,須坂市,4587.0,48097.0,9.54,市,https://page.line.me/suzakacity,2025-12-03
,小諸市,長野県,小諸市,8326.0,40102.0,20.76,市,https://page.line.me/komorocity,2025-12-03
,伊那市,長野県,長野県伊那市,10344.0,63489.0,16.29,市,https://page.line.me/174kij,2025-12-03
,駒ヶ根市,長野県,駒ヶ根市,10401.0,30911.0,33.65,市,https://page.line.me/komaganecity,2025-12-03
,中野市,長野県,中野市,11621.0,40085.0,28.99,市,https://page.line.me/nakano.20211,2025-12-03
,大町市,長野県,長野県大町市,1990.0,24202.0,8.22,市,https://page.line.me/omachi_nagano,2025-12-03
,飯山市,長野県,飯山市,6424.0,17571.0,36.56,市,https://page.line.me/iiyama_city,2025-12-03
,茅野市,長野県,茅野市,12256.0,54858.0,22.34,市,https://page.line.me/chinocity,2025-12-03
,塩尻市,長野県,塩尻市,30597.0,65423.0,46.77,市,https://page.line.me/shiojiricity,2025-12-03
,佐久市,長野県,佐久市,36720.0,96694.0,37.98,市,https://page.line.me/sakucity,2025-12-03
,千曲市,長野県,千曲市,3711.0,57255.0,6.48,市,https://page.line.me/chikuma_city,2025-12-03
,東御市,長野県,東御市,14597.0,28827.0,50.64,市,https://page.line.me/tomicity,2025-12-03
,安曇野市,長野県,安曇野市,48720.0,92409.0,52.72,市,https://page.line.me/157qdsuh,2025-12-03
,小海町,長野県,小海町,167.0,4034.0,4.14,町,https://page.line.me/koumi-town,2025-12-03
,川上村,長野県,長野県川上村,872.0,4553.0,19.15,村,https://page.line.me/kawakami_vill,2025-12-03
,南相木村,長野県,長野県南相木村,333.0,877.0,37.97,村,https://page.line.me/maiki2121,2025-12-03
,佐久穂町,長野県,佐久穂町,2804.0,9566.0,29.31,町,https://page.line.me/sakuho_city,2025-12-03
,軽井沢町,長野県,長野県軽井沢町,6348.0,20031.0,31.69,町,https://page.line.me/karuizawa_town,2025-12-03
,御代田町,長野県,御代田町,5283.0,16537.0,31.95,町,https://page.line.me/miyotamachi,2025-12-03
,富士見町,長野県,長野県富士見町,3346.0,13710.0,24.41,町,https://page.line.me/fujimi-town,2025-12-03
,原村,長野県,長野県原村役場,2059.0,7700.0,26.74,村,https://page.line.me/haramura,2025-12-03
,辰野町,長野県,辰野町,4541.0,17136.0,26.5,町,https://page.line.me/tatsunomachi,2025-12-03
,箕輪町,長野県,箕輪町,1528.0,24363.0,6.27,町,https://page.line.me/minowa_town,2025-12-03
,飯島町,長野県,飯島町,1796.0,8502.0,21.12,町,https://page.line.me/nagano_iijima,2025-12-03
,南箕輪村,長野県,南箕輪村,2859.0,16095.0,17.76,村,https://page.line.me/vill.minamiminowa,2025-12-03
,中川村,長野県,長野県中川村,1732.0,4390.0,39.45,村,https://page.line.me/nakagawamura,2025-12-03
,宮田村,長野県,長野県宮田村,1828.0,8321.0,21.97,村,https://page.line.me/miyada-village,2025-12-03
,松川町,長野県,松川町,2406.0,11853.0,20.3,町,https://page.line.me/matsukawa_town,2025-12-03
,高森町,長野県,長野県高森町,4855.0,12393.0,39.18,町,https://page.line.me/takamori_town,2025-12-03
,阿智村,長野県,長野県阿智村,839.0,5693.0,14.74,村,https://page.line.me/achi.vill.lg.jp,2025-12-03
,天龍村,長野県,天龍村,214.0,941.0,22.74,村,https://page.line.me/yfk2450c,2025-12-03
,喬木村,長野県,喬木村,1896.0,5529.0,34.29,村,https://page.line.me/takagimura,2025-12-03
,豊丘村,長野県,長野県　豊丘村,819.0,6156.0,13.3,村,https://page.line.me/xat.0000174933.21x,2025-12-03
,上松町,長野県,上松町,632.0,3683.0,17.16,町,https://page.line.me/agematsumachi,2025-12-03
,木祖村,長野県,木祖村役場,793.0,2375.0,33.39,村,https://page.line.me/kiso-village,2025-12-03
,王滝村,長野県,王滝村役場,161.0,631.0,25.52,村,https://page.line.me/otaki,2025-12-03
,大桑村,長野県,大桑村,1178.0,3006.0,39.19,村,https://page.line.me/ookuwavill,2025-12-03
,木曽町,長野県,木曽町役場,4596.0,9567.0,48.04,町,https://page.line.me/kiso-town,2025-12-03
,生坂村,長野県,長野県生坂村,594.0,1502.0,39.55,村,https://page.line.me/ikusaka,2025-12-03
,山形村,長野県,山形村,2543.0,8175.0,31.11,村,https://page.line.me/yamagatamura,2025-12-03
,朝日村,長野県,長野県　朝日村,1991.0,3984.0,49.97,村,https://page.line.me/asahi-vill,2025-12-03
,池田町,長野県,池田町,1875.0,8714.0,21.52,町,https://page.line.me/shinsyuikeda,2025-12-03
,白馬村,長野県,白馬村,3950.0,8271.0,47.76,村,https://page.line.me/hakubavillage,2025-12-03
,小谷村,長野県,小谷村,1286.0,2413.0,53.29,村,https://page.line.me/663eulgb,2025-12-03
,小布施町,長野県,小布施町,3667.0,10541.0,34.79,町,https://page.line.me/townobuse,2025-12-03
,高山村,長野県,長野県高山村,291.0,6111.0,4.76,村,https://page.line.me/takayama_nagano,2025-12-03
,山ノ内町,長野県,長野県山ノ内町,6033.0,10345.0,58.32,町,https://page.line.me/town.yamanouchi,2025-12-03
,木島平村,長野県,木島平村,2129.0,3965.0,53.69,村,https://page.line.me/kijimadaira,2025-12-03
,野沢温泉村,長野県,野沢温泉村,1107.0,2999.0,36.91,村,https://page.line.me/nozawaonsen,2025-12-03
,信濃町,長野県,長野県信濃町,1373.0,7034.0,19.52,町,https://page.line.me/town_shinano,2025-12-03
,栄村,長野県,長野県 栄村,693.0,1419.0,48.84,村,https://page.line.me/sakaevill,2025-12-03
,岐阜県,岐阜県,岐阜県,15831.0,1897133.0,0.83,都道府県,https://page.line.me/gifugifu,2025-12-03
,岐阜市,岐阜県,岐阜市役所,40157.0,392299.0,10.24,市,https://page.line.me/gifucity,2025-12-03
,大垣市,岐阜県,大垣市,30201.0,153672.0,19.65,市,https://page.line.me/ogaki.city,2025-12-03
,高山市,岐阜県,高山市,19813.0,79519.0,24.92,市,https://page.line.me/takayama,2025-12-03
,多治見市,岐阜県,多治見市,1500.0,101064.0,1.48,市,https://page.line.me/tajimi_official,2025-12-03
,関市,岐阜県,関市,17469.0,81207.0,21.51,市,https://page.line.me/seki_city,2025-12-03
,中津川市,岐阜県,中津川市,19524.0,71786.0,27.2,市,https://page.line.me/gifunakatsu,2025-12-03
,美濃市,岐阜県,岐阜県美濃市,4434.0,17783.0,24.93,市,https://page.line.me/minocity,2025-12-03
,瑞浪市,岐阜県,瑞浪市,5842.0,35018.0,16.68,市,https://page.line.me/mizunami-city,2025-12-03
,羽島市,岐阜県,羽島市,10509.0,64318.0,16.34,市,https://page.line.me/hashimacity,2025-12-03
,恵那市,岐阜県,恵那市役所,3958.0,44006.0,8.99,市,https://page.line.me/ena.city,2025-12-03
,美濃加茂市,岐阜県,美濃加茂市,22447.0,57035.0,39.36,市,https://page.line.me/minokamo_city,2025-12-03
,土岐市,岐阜県,土岐市,4409.0,51475.0,8.57,市,https://page.line.me/tokicity,2025-12-03
,各務原市,岐阜県,各務原市,18824.0,140996.0,13.35,市,https://page.line.me/kakamigahara,2025-12-03
,可児市,岐阜県,可児市,10598.0,97568.0,10.86,市,https://page.line.me/kanicity,2025-12-03
,山県市,岐阜県,山県市,2078.0,23208.0,8.95,市,https://page.line.me/gifu-yamagata,2025-12-03
,瑞穂市,岐阜県,瑞穂市,6747.0,57501.0,11.73,市,https://page.line.me/mizuho-city,2025-12-03
,飛騨市,岐阜県,飛騨市役所,8495.0,20404.0,41.63,市,https://page.line.me/hida_city,2025-12-03
,本巣市,岐阜県,本巣市,3507.0,31778.0,11.04,市,https://page.line.me/motosu_city,2025-12-03
,郡上市,岐阜県,郡上市,562.0,35419.0,1.59,市,https://page.line.me/gujocity,2025-12-03
,下呂市,岐阜県,下呂市役所,11498.0,27357.0,42.03,市,https://page.line.me/gerocity,2025-12-03
,海津市,岐阜県,海津市,5574.0,30104.0,18.52,市,https://page.line.me/kaizucity,2025-12-03
,岐南町,岐阜県,岐南町役場,5638.0,26345.0,21.4,町,https://page.line.me/ginantown,2025-12-03
,笠松町,岐阜県,笠松町役場,13033.0,21874.0,59.58,町,https://page.line.me/kasamatsu-town,2025-12-03
,養老町,岐阜県,養老町,2929.0,24346.0,12.03,町,https://page.line.me/yorotown,2025-12-03
,垂井町,岐阜県,垂井町,4166.0,24981.0,16.68,町,https://page.line.me/tarui_town,2025-12-03
,神戸町,岐阜県,神戸町,4188.0,17706.0,23.65,町,https://page.line.me/godotown,2025-12-03
,揖斐川町,岐阜県,揖斐川町,3665.0,17309.0,21.17,町,https://page.line.me/ibigawatown,2025-12-03
,大野町,岐阜県,大野町,947.0,20517.0,4.62,町,https://page.line.me/onocyou,2025-12-03
,池田町,岐阜県,岐阜県池田町,3682.0,22008.0,16.73,町,https://page.line.me/gifu-ikeda,2025-12-03
,北方町,岐阜県,北方町,3010.0,18206.0,16.53,町,https://page.line.me/kitagata01,2025-12-03
,坂祝町,岐阜県,岐阜県坂祝町,2205.0,8158.0,27.03,町,https://page.line.me/linesakahogi,2025-12-03
,富加町,岐阜県,富加町,1421.0,5761.0,24.67,町,https://page.line.me/tomika-town,2025-12-03
,川辺町,岐阜県,川辺町,1356.0,9436.0,14.37,町,https://page.line.me/kawabetown,2025-12-03
,七宗町,岐阜県,七宗町役場,1415.0,2846.0,49.72,町,https://page.line.me/hichiso-line,2025-12-03
,八百津町,岐阜県,八百津町,3001.0,9239.0,32.48,町,https://page.line.me/town.yaotsu,2025-12-03
,東白川村,岐阜県,東白川村,637.0,1800.0,35.39,村,https://page.line.me/higashishirakawa,2025-12-03
,御嵩町,岐阜県,御嵩町,3922.0,16644.0,23.56,町,https://page.line.me/mitake-town,2025-12-03
,静岡県,静岡県,静岡県,72430.0,3491925.0,2.07,都道府県,https://page.line.me/shizuokapref,2025-12-03
,静岡市,静岡県,静岡市,128078.0,666764.0,19.21,市,https://page.line.me/shizuoka_city,2025-12-03
,浜松市,静岡県,浜松市,445486.0,769411.0,57.9,市,https://page.line.me/hamamatsu,2025-12-03
,沼津市,静岡県,沼津市,19432.0,179866.0,10.8,市,https://page.line.me/numazu_city,2025-12-03
,熱海市,静岡県,熱海市,6932.0,30964.0,22.39,市,https://page.line.me/atami-city,2025-12-03
,三島市,静岡県,三島市,40605.0,102658.0,39.55,市,https://page.line.me/mishima_city,2025-12-03
,富士宮市,静岡県,富士宮市,39435.0,122668.0,32.15,市,https://page.line.me/fujinomiyacity,2025-12-03
,伊東市,静岡県,伊東市,23621.0,61290.0,38.54,市,https://page.line.me/ito_city,2025-12-03
,島田市,静岡県,島田市,140922.0,91868.0,153.4,市,https://page.line.me/shimadacity,2025-12-03
,富士市,静岡県,富士市,123796.0,238059.0,52.0,市,https://page.line.me/fuji_city,2025-12-03
,磐田市,静岡県,磐田市,101769.0,161709.0,62.93,市,https://page.line.me/iwata_city,2025-12-03
,焼津市,静岡県,焼津市,192375.0,132134.0,145.59,市,https://page.line.me/yaizucity,2025-12-03
,掛川市,静岡県,掛川市,46545.0,112215.0,41.48,市,https://page.line.me/kakegawacity,2025-12-03
,藤枝市,静岡県,藤枝市,88783.0,136078.0,65.24,市,https://page.line.me/fujiedacity,2025-12-03
,御殿場市,静岡県,御殿場市,12974.0,81844.0,15.85,市,https://page.line.me/gotemba_city,2025-12-03
,袋井市,静岡県,袋井市,23569.0,87202.0,27.03,市,https://page.line.me/fukuroicity,2025-12-03
,下田市,静岡県,下田市,3120.0,18076.0,17.26,市,https://page.line.me/shimoda-city,2025-12-03
,裾野市,静岡県,静岡県裾野市,10371.0,47939.0,21.63,市,https://page.line.me/susonocity,2025-12-03
,湖西市,静岡県,湖西市,34036.0,55363.0,61.48,市,https://page.line.me/kosaicity,2025-12-03
,伊豆市,静岡県,伊豆市,6850.0,25581.0,26.78,市,https://page.line.me/izucity,2025-12-03
,御前崎市,静岡県,御前崎市,15492.0,28569.0,54.23,市,https://page.line.me/omaezaki_city,2025-12-03
,菊川市,静岡県,菊川市,14079.0,46256.0,30.44,市,https://page.line.me/kikugawa_city,2025-12-03
,伊豆の国市,静岡県,伊豆の国市,12653.0,44142.0,28.66,市,https://page.line.me/izunokunicity,2025-12-03
,牧之原市,静岡県,牧之原市,28505.0,40292.0,70.75,市,https://page.line.me/makinohara_city,2025-12-03
,東伊豆町,静岡県,東伊豆町,6241.0,10514.0,59.36,町,https://page.line.me/higashiizu,2025-12-03
,河津町,静岡県,河津町,3294.0,6034.0,54.59,町,https://page.line.me/town.kawazu,2025-12-03
,南伊豆町,静岡県,南伊豆町,2000.0,7016.0,28.51,町,https://page.line.me/minamiizu,2025-12-03
,松崎町,静岡県,松崎町,1094.0,5209.0,21.0,町,https://page.line.me/matsuzakihotline1,2025-12-03
,西伊豆町,静岡県,西伊豆町,1533.0,6025.0,25.44,町,https://page.line.me/info_nishiizu,2025-12-03
,函南町,静岡県,函南町,4600.0,35253.0,13.05,町,https://page.line.me/kannami223255,2025-12-03
,清水町,静岡県,静岡県清水町,6592.0,31057.0,21.23,町,https://page.line.me/shimizu_town,2025-12-03
,長泉町,静岡県,長泉町,21572.0,43287.0,49.83,町,https://page.line.me/nagaizumitown,2025-12-03
,小山町,静岡県,静岡県小山町,6441.0,17122.0,37.62,町,https://page.line.me/oyamatown,2025-12-03
,吉田町,静岡県,吉田町,11460.0,28104.0,40.78,町,https://page.line.me/yoshida_town,2025-12-03
,川根本町,静岡県,静岡県川根本町,14833.0,5214.0,284.48,町,https://page.line.me/town.kawanehon,2025-12-03
,森町,静岡県,静岡県森町,11032.0,16142.0,68.34,町,https://page.line.me/shizuoka-mori,2025-12-03
,愛知県,愛知県,愛知県,339990.0,7453803.0,4.56,都道府県,https://page.line.me/aichipref,2025-12-03
,名古屋市,愛知県,名古屋市,162850.0,2338873.0,6.96,市,https://page.line.me/nagoyacity,2025-12-03
,岡崎市,愛知県,岡崎市,19464.0,379751.0,5.13,市,https://page.line.me/okazaki_city,2025-12-03
,一宮市,愛知県,一宮市,25251.0,370698.0,6.81,市,https://page.line.me/138_city,2025-12-03
,瀬戸市,愛知県,瀬戸市,13496.0,124098.0,10.88,市,https://page.line.me/setocity,2025-12-03
,半田市,愛知県,愛知県半田市,22816.0,113750.0,20.06,市,https://page.line.me/handa_city,2025-12-03
,春日井市,愛知県,春日井市,31876.0,302786.0,10.53,市,https://page.line.me/kasugai_city,2025-12-03
,豊川市,愛知県,豊川市,5736.0,183308.0,3.13,市,https://page.line.me/toyokawa.city,2025-12-03
,津島市,愛知県,津島市,4337.0,58269.0,7.44,市,https://page.line.me/tsushima-city,2025-12-03
,碧南市,愛知県,碧南市,31174.0,71520.0,43.59,市,https://page.line.me/hekinan_city,2025-12-03
,刈谷市,愛知県,刈谷市,170049.0,153895.0,110.5,市,https://page.line.me/kariyacity,2025-12-03
,豊田市,愛知県,豊田市,94773.0,413768.0,22.9,市,https://page.line.me/toyotacity,2025-12-03
,安城市,愛知県,安城市,94711.0,185460.0,51.07,市,https://page.line.me/anjo_city,2025-12-03
,西尾市,愛知県,西尾市,166765.0,166726.0,100.02,市,https://page.line.me/nishiocity,2025-12-03
,蒲郡市,愛知県,蒲郡市,34841.0,76730.0,45.41,市,https://page.line.me/gamagori.city,2025-12-03
,犬山市,愛知県,犬山市,18401.0,70635.0,26.05,市,https://page.line.me/inuyama,2025-12-03
,常滑市,愛知県,常滑市,19898.0,58139.0,34.22,市,https://page.line.me/tokoname_city,2025-12-03
,江南市,愛知県,江南市,10524.0,95647.0,11.0,市,https://page.line.me/konan_city,2025-12-03
,小牧市,愛知県,小牧市,70996.0,144853.0,49.01,市,https://page.line.me/komaki-city,2025-12-03
,稲沢市,愛知県,稲沢市,19358.0,130867.0,14.79,市,https://page.line.me/inazawa_city,2025-12-03
,新城市,愛知県,新城市,8529.0,40636.0,20.99,市,https://page.line.me/shinshiro.city,2025-12-03
,東海市,愛知県,東海市,15266.0,112339.0,13.59,市,https://page.line.me/tokai_city,2025-12-03
,大府市,愛知県,大府市,11885.0,93341.0,12.73,市,https://page.line.me/obucity,2025-12-03
,知多市,愛知県,知多市,17323.0,81694.0,21.2,市,https://page.line.me/chita_city,2025-12-03
,知立市,愛知県,知立市,95389.0,72670.0,131.26,市,https://page.line.me/chiryu_city,2025-12-03
,尾張旭市,愛知県,尾張旭市,7969.0,82945.0,9.61,市,https://page.line.me/owariasahicity,2025-12-03
,高浜市,愛知県,愛知県高浜市,37027.0,45851.0,80.76,市,https://page.line.me/takahamacity,2025-12-03
,岩倉市,愛知県,岩倉市,11984.0,47974.0,24.98,市,https://page.line.me/iwakura-city,2025-12-03
,豊明市,愛知県,豊明市,7324.0,68152.0,10.75,市,https://page.line.me/toyoake_official,2025-12-03
,日進市,愛知県,日進市,10093.0,93628.0,10.78,市,https://page.line.me/nissin,2025-12-03
,田原市,愛知県,田原市,5486.0,56267.0,9.75,市,https://page.line.me/tahara_city,2025-12-03
,愛西市,愛知県,愛西市,5750.0,58115.0,9.89,市,https://page.line.me/aisaicity,2025-12-03
,清須市,愛知県,清須市,8655.0,66815.0,12.95,市,https://page.line.me/kiyosu_city,2025-12-03
,北名古屋市,愛知県,北名古屋市,12461.0,86132.0,14.47,市,https://page.line.me/kitanagoya-shi,2025-12-03
,弥富市,愛知県,弥富市役所,3149.0,42129.0,7.47,市,https://page.line.me/yatomishi,2025-12-03
,みよし市,愛知県,みよし市,73674.0,61934.0,118.96,市,https://page.line.me/miyoshi_city,2025-12-03
,あま市,愛知県,あま市役所,8067.0,84951.0,9.5,市,https://page.line.me/amacity,2025-12-03
,長久手市,愛知県,長久手市,14787.0,61757.0,23.94,市,https://page.line.me/nagakutecity,2025-12-03
,東郷町,愛知県,東郷町,29201.0,43817.0,66.64,町,https://page.line.me/togotown,2025-12-03
,豊山町,愛知県,豊山町,4041.0,15759.0,25.64,町,https://page.line.me/toyoyama-town,2025-12-03
,大口町,愛知県,大口町,11184.0,23994.0,46.61,町,https://page.line.me/oguchi,2025-12-03
,扶桑町,愛知県,扶桑町,2646.0,34138.0,7.75,町,https://page.line.me/fuso_town,2025-12-03
,大治町,愛知県,大治町,2478.0,33050.0,7.5,町,https://page.line.me/oharu_town,2025-12-03
,東浦町,愛知県,東浦町役場,10418.0,49060.0,21.24,町,https://page.line.me/higashiura_aichi,2025-12-03
,南知多町,愛知県,南知多町,3080.0,14728.0,20.91,町,https://page.line.me/minamichita_town,2025-12-03
,美浜町,愛知県,愛知県美浜町役場,1576.0,21037.0,7.49,町,https://page.line.me/mihama-town.aichi,2025-12-03
,武豊町,愛知県,武豊町,11092.0,43183.0,25.69,町,https://page.line.me/taketoyo_town,2025-12-03
,幸田町,愛知県,幸田町,5254.0,41817.0,12.56,町,https://page.line.me/kotatown,2025-12-03
,東栄町,愛知県,東栄町,962.0,2490.0,38.63,町,https://page.line.me/toei_town,2025-12-03
,豊根村,愛知県,豊根村,380.0,857.0,44.34,村,https://page.line.me/toyone,2025-12-03
,津市,三重県,津市,6551.0,264400.0,2.48,市,https://page.line.me/tsu_city,2025-12-03
,四日市市,三重県,四日市市,52630.0,298931.0,17.61,市,https://page.line.me/yokkaichicity,2025-12-03
,伊勢市,三重県,伊勢市,36042.0,115876.0,31.1,市,https://page.line.me/isecity,2025-12-03
,桑名市,三重県,桑名市,31693.0,134296.0,23.6,市,https://page.line.me/kuwana987,2025-12-03
,鈴鹿市,三重県,鈴鹿市,20122.0,189595.0,10.61,市,https://page.line.me/suzukacity,2025-12-03
,名張市,三重県,名張市,13015.0,72083.0,18.06,市,https://page.line.me/nabaricity,2025-12-03
,尾鷲市,三重県,尾鷲市公式,2724.0,14139.0,19.27,市,https://page.line.me/owase_city,2025-12-03
,亀山市,三重県,亀山市,4858.0,49378.0,9.84,市,https://page.line.me/kameyamacity,2025-12-03
,熊野市,三重県,熊野市,7090.0,14152.0,50.1,市,https://page.line.me/kumano_city,2025-12-03
,いなべ市,三重県,いなべ市,17254.0,44028.0,39.19,市,https://page.line.me/inabecity,2025-12-03
,志摩市,三重県,志摩市,6308.0,40774.0,15.47,市,https://page.line.me/shima-dx,2025-12-03
,伊賀市,三重県,伊賀市,9563.0,82281.0,11.62,市,https://page.line.me/igacity,2025-12-03
,東員町,三重県,東員町,2513.0,25423.0,9.88,町,https://page.line.me/tointown,2025-12-03
,朝日町,三重県,三重県朝日町,561.0,11072.0,5.07,町,https://page.line.me/asahi24343,2025-12-03
,川越町,三重県,川越町,2712.0,15753.0,17.22,町,https://page.line.me/kawagoe_town,2025-12-03
,多気町,三重県,三重県多気町,3673.0,13110.0,28.02,町,https://page.line.me/takitown,2025-12-03
,明和町,三重県,三重県明和町,5191.0,21881.0,23.72,町,https://page.line.me/mie-meiwatown,2025-12-03
,玉城町,三重県,玉城町役場,3521.0,14531.0,24.23,町,https://page.line.me/tamaki_town,2025-12-03
,度会町,三重県,度会町,1579.0,7229.0,21.84,町,https://page.line.me/watarai-bosai,2025-12-03
,大紀町,三重県,大紀町,799.0,6710.0,11.91,町,https://page.line.me/taiki_official,2025-12-03
,南伊勢町,三重県,南伊勢町,2019.0,9118.0,22.14,町,https://page.line.me/minamiise,2025-12-03
,紀北町,三重県,紀北町,2015.0,12771.0,15.78,町,https://page.line.me/kihoku_town,2025-12-03
,滋賀県,滋賀県,滋賀県,260985.0,1396532.0,18.69,都道府県,https://page.line.me/shigapref,2025-12-03
,大津市,滋賀県,大津市,92168.0,344395.0,26.76,市,https://page.line.me/otsu_city,2025-12-03
,彦根市,滋賀県,彦根市,41855.0,111659.0,37.48,市,https://page.line.me/hikonecity,2025-12-03
,長浜市,滋賀県,長浜市役所,106961.0,107993.0,99.04,市,https://page.line.me/nagahamashi,2025-12-03
,近江八幡市,滋賀県,近江八幡市,13753.0,80703.0,17.04,市,https://page.line.me/omihachiman-city,2025-12-03
,草津市,滋賀県,草津市,20299.0,149257.0,13.6,市,https://page.line.me/kusatsucity,2025-12-03
,守山市,滋賀県,守山市,9543.0,85201.0,11.2,市,https://page.line.me/moriyama_city,2025-12-03
,栗東市,滋賀県,栗東市,8112.0,68906.0,11.77,市,https://page.line.me/rittocity,2025-12-03
,甲賀市,滋賀県,甲賀市,21508.0,85263.0,25.23,市,https://page.line.me/kokacity,2025-12-03
,野洲市,滋賀県,野洲市,6521.0,50106.0,13.01,市,https://page.line.me/yasu_city,2025-12-03
,湖南市,滋賀県,湖南市,5196.0,53347.0,9.74,市,https://page.line.me/konancity,2025-12-03
,高島市,滋賀県,高島市,6964.0,43253.0,16.1,市,https://page.line.me/takashima_city,2025-12-03
,東近江市,滋賀県,東近江市,23969.0,110064.0,21.78,市,https://page.line.me/higashiomi-city,2025-12-03
,米原市,滋賀県,米原市,788.0,35246.0,2.24,市,https://page.line.me/maibaracity,2025-12-03
,愛荘町,滋賀県,愛荘町,4699.0,20338.0,23.1,町,https://page.line.me/aisho,2025-12-03
,多賀町,滋賀県,多賀町,777.0,6954.0,11.17,町,https://page.line.me/tagatown,2025-12-03
,京都府,京都府,京都府,58107.0,2506615.0,2.32,都道府県,https://page.line.me/kyoto-prefecture,2025-12-03
,京都市,京都府,京都市,226074.0,1433071.0,15.78,市,https://page.line.me/kyoto_city,2025-12-03
,福知山市,京都府,福知山市,14047.0,74112.0,18.95,市,https://page.line.me/fukuchiyama_city,2025-12-03
,舞鶴市,京都府,舞鶴市,15181.0,73693.0,20.6,市,https://page.line.me/maizuru_city,2025-12-03
,綾部市,京都府,綾部市,6893.0,29752.0,23.17,市,https://page.line.me/ayabecity,2025-12-03
,宇治市,京都府,宇治市,24944.0,172931.0,14.42,市,https://page.line.me/uji_kosodate,2025-12-03
,宮津市,京都府,宮津市,5638.0,14955.0,37.7,市,https://page.line.me/miyazu_city,2025-12-03
,亀岡市,京都府,亀岡市役所,31408.0,83957.0,37.41,市,https://page.line.me/kameokacity,2025-12-03
,城陽市,京都府,城陽市,9174.0,71514.0,12.83,市,https://page.line.me/joyocity,2025-12-03
,向日市,京都府,向日市,18196.0,55403.0,32.84,市,https://page.line.me/mukocity,2025-12-03
,長岡京市,京都府,長岡京市,106362.0,81638.0,130.28,市,https://page.line.me/nagaokakyocity,2025-12-03
,八幡市,京都府,八幡市,5035.0,68163.0,7.39,市,https://page.line.me/yawata_official,2025-12-03
,京田辺市,京都府,京田辺市,12552.0,75010.0,16.73,市,https://page.line.me/kyotanabe_city,2025-12-03
,京丹後市,京都府,京丹後市,9171.0,46335.0,19.79,市,https://page.line.me/kyotangocity,2025-12-03
,南丹市,京都府,南丹市役所,7004.0,29667.0,23.61,市,https://page.line.me/nantan.line,2025-12-03
,木津川市,京都府,木津川市,23665.0,78259.0,30.24,市,https://page.line.me/409mnivj,2025-12-03
,大山崎町,京都府,大山崎町,4762.0,16221.0,29.36,町,https://page.line.me/oyamazaki,2025-12-03
,久御山町,京都府,久御山町,1696.0,14589.0,11.63,町,https://page.line.me/kumiyama1954,2025-12-03
,井手町,京都府,井手町役場,658.0,6984.0,9.42,町,https://page.line.me/idetown,2025-12-03
,宇治田原町,京都府,宇治田原町,456.0,8347.0,5.46,町,https://page.line.me/ujitawara,2025-12-03
,笠置町,京都府,笠置町,215.0,920.0,23.37,町,https://page.line.me/kasagi2301,2025-12-03
,精華町,京都府,精華町,10792.0,34879.0,30.94,町,https://page.line.me/seika_town,2025-12-03
,南山城村,京都府,南山城村,735.0,2120.0,34.67,村,https://page.line.me/minamiyamashiro,2025-12-03
,京丹波町,京都府,京丹波町,1347.0,11394.0,11.82,町,https://page.line.me/kyotamba_line,2025-12-03
,伊根町,京都府,伊根町,420.0,1709.0,24.58,町,https://page.line.me/ine_town,2025-12-03
,与謝野町,京都府,与謝野町役場,2863.0,17989.0,15.92,町,https://page.line.me/yosano_town,2025-12-03
,大阪府,大阪府,大阪府,406351.0,8777998.0,4.63,都道府県,https://page.line.me/pref_osaka,2025-12-03
,大阪市,大阪府,大阪市,149789.0,2816247.0,5.32,市,https://page.line.me/osakacity,2025-12-03
,堺市,大阪府,堺市,236871.0,803638.0,29.47,市,https://page.line.me/sakai-city,2025-12-03
,岸和田市,大阪府,岸和田市,48026.0,183409.0,26.19,市,https://page.line.me/kishiwada-city,2025-12-03
,豊中市,大阪府,豊中市,94410.0,398162.0,23.71,市,https://page.line.me/toyonakacity,2025-12-03
,池田市,大阪府,池田市,14995.0,104116.0,14.4,市,https://page.line.me/ikedacity,2025-12-03
,吹田市,大阪府,吹田市,102072.0,396375.0,25.75,市,https://page.line.me/suita-city,2025-12-03
,泉大津市,大阪府,泉大津市,70214.0,72450.0,96.91,市,https://page.line.me/izumiotsu-city,2025-12-03
,高槻市,大阪府,高槻市,43628.0,345861.0,12.61,市,https://page.line.me/takatsuki-city,2025-12-03
,貝塚市,大阪府,貝塚市,7780.0,79907.0,9.74,市,https://page.line.me/kaizuka,2025-12-03
,守口市,大阪府,守口市,48637.0,140122.0,34.71,市,https://page.line.me/moriguchi-city,2025-12-03
,枚方市,大阪府,枚方市,101112.0,388941.0,26.0,市,https://page.line.me/hirakata_city,2025-12-03
,八尾市,大阪府,八尾市,25968.0,257125.0,10.1,市,https://page.line.me/yaocity,2025-12-03
,泉佐野市,大阪府,泉佐野市,15986.0,99880.0,16.01,市,https://page.line.me/izumisano-city,2025-12-03
,富田林市,大阪府,富田林市役所,46958.0,103479.0,45.38,市,https://page.line.me/tondabayashi,2025-12-03
,寝屋川市,大阪府,寝屋川市,61736.0,222544.0,27.74,市,https://page.line.me/city.neyagawa,2025-12-03
,河内長野市,大阪府,河内長野市役所,23342.0,95001.0,24.57,市,https://page.line.me/okukawachi,2025-12-03
,松原市,大阪府,大阪府松原市,14348.0,114554.0,12.53,市,https://page.line.me/matsubaracity,2025-12-03
,大東市,大阪府,大東市,14707.0,114887.0,12.8,市,https://page.line.me/daitocity,2025-12-03
,和泉市,大阪府,和泉市,102920.0,180701.0,56.96,市,https://page.line.me/izumi-city,2025-12-03
,箕面市,大阪府,箕面市,34557.0,138697.0,24.92,市,https://page.line.me/minohcity,2025-12-03
,柏原市,大阪府,柏原氏,6875.0,66678.0,10.31,市,https://page.line.me/kashiwaracity,2025-12-03
,羽曳野市,大阪府,羽曳野市,33715.0,105140.0,32.07,市,https://page.line.me/habikinocity,2025-12-03
,門真市,大阪府,門真市,28120.0,114389.0,24.58,市,https://page.line.me/kadoma_city,2025-12-03
,摂津市,大阪府,大阪府摂津市,40261.0,87091.0,46.23,市,https://page.line.me/settsucity,2025-12-03
,高石市,大阪府,高石市,16902.0,53688.0,31.48,市,https://page.line.me/takaishi-city,2025-12-03
,藤井寺市,大阪府,藤井寺市,20644.0,61524.0,33.55,市,https://page.line.me/fujiideracity,2025-12-03
,東大阪市,大阪府,東大阪市,67343.0,485549.0,13.87,市,https://page.line.me/higashiosakacity,2025-12-03
,泉南市,大阪府,泉南市,19250.0,56505.0,34.07,市,https://page.line.me/sennan-city,2025-12-03
,四條畷市,大阪府,四條畷市公式LINE(大阪府),21663.0,53338.0,40.61,市,https://page.line.me/shijonawate575,2025-12-03
,交野市,大阪府,交野市,5689.0,74672.0,7.62,市,https://page.line.me/katano_city,2025-12-03
,大阪狭山市,大阪府,大阪狭山市,8018.0,57155.0,14.03,市,https://page.line.me/osakasayama,2025-12-03
,阪南市,大阪府,阪南市,4483.0,47528.0,9.43,市,https://page.line.me/hannan_city,2025-12-03
,島本町,大阪府,島本町,10034.0,31984.0,31.37,町,https://page.line.me/shimamoto-town,2025-12-03
,能勢町,大阪府,能勢町,5338.0,8147.0,65.52,町,https://page.line.me/nose-town,2025-12-03
,忠岡町,大阪府,忠岡町,7594.0,15715.0,48.32,町,https://page.line.me/tadaoka-town,2025-12-03
,熊取町,大阪府,熊取町,9413.0,42557.0,22.12,町,https://page.line.me/town.kumatori,2025-12-03
,田尻町,大阪府,田尻町,1550.0,8072.0,19.2,町,https://page.line.me/tajiritown,2025-12-03
,岬町,大阪府,岬町,4973.0,13568.0,36.65,町,https://page.line.me/osaka-misaki,2025-12-03
,太子町,大阪府,太子町役場,2322.0,12308.0,18.87,町,https://page.line.me/osaka-taishi,2025-12-03
,河南町,大阪府,河南町役場,5829.0,14642.0,39.81,町,https://page.line.me/kananchou,2025-12-03
,千早赤阪村,大阪府,千早赤阪村役場,1077.0,4368.0,24.66,村,https://page.line.me/chihayaakasaka,2025-12-03
,神戸市,兵庫県,神戸市,174893.0,1486038.0,11.77,市,https://page.line.me/kobe,2025-12-03
,姫路市,兵庫県,姫路市,49981.0,516529.0,9.68,市,https://page.line.me/himejicity,2025-12-03
,尼崎市,兵庫県,尼崎市,32026.0,454737.0,7.04,市,https://page.line.me/amagasakicity,2025-12-03
,明石市,兵庫県,明石市,16476.0,306536.0,5.37,市,https://page.line.me/akashicity,2025-12-03
,西宮市,兵庫県,西宮市,155866.0,481234.0,32.39,市,https://page.line.me/miyakko,2025-12-03
,洲本市,兵庫県,洲本市,3460.0,38758.0,8.93,市,https://page.line.me/sumotocity,2025-12-03
,芦屋市,兵庫県,芦屋市,4252.0,91929.0,4.63,市,https://page.line.me/ashiyashi5401,2025-12-03
,伊丹市,兵庫県,伊丹市,12103.0,194966.0,6.21,市,https://page.line.me/itami_city,2025-12-03
,相生市,兵庫県,相生市,4421.0,26169.0,16.89,市,https://page.line.me/aioicity,2025-12-03
,豊岡市,兵庫県,豊岡市役所,18108.0,71495.0,25.33,市,https://page.line.me/toyookacity,2025-12-03
,加古川市,兵庫県,加古川市,61091.0,253487.0,24.1,市,https://page.line.me/kakogawacity,2025-12-03
,赤穂市,兵庫県,赤穂市,27139.0,42599.0,63.71,市,https://page.line.me/akocity,2025-12-03
,西脇市,兵庫県,西脇市,2561.0,35839.0,7.15,市,https://page.line.me/nishiwakicity,2025-12-03
,宝塚市,兵庫県,宝塚市,25746.0,219715.0,11.72,市,https://page.line.me/takarazukacity,2025-12-03
,高砂市,兵庫県,高砂市,3320.0,83711.0,3.97,市,https://page.line.me/takasagocity,2025-12-03
,川西市,兵庫県,川西市,17971.0,148191.0,12.13,市,https://page.line.me/city.kawanishi,2025-12-03
,小野市,兵庫県,小野氏,19077.0,45956.0,41.51,市,https://page.line.me/onocity,2025-12-03
,三田市,兵庫県,三田市,16560.0,103914.0,15.94,市,https://page.line.me/sanda_city,2025-12-03
,加西市,兵庫県,加西市,24195.0,40148.0,60.26,市,https://page.line.me/kasaicity,2025-12-03
,丹波篠山市,兵庫県,丹波篠山市,9976.0,37312.0,26.74,市,https://page.line.me/tambasasayama,2025-12-03
,養父市,兵庫県,養父（やぶ）市役所,6657.0,19836.0,33.56,市,https://page.line.me/yabucity,2025-12-03
,丹波市,兵庫県,丹波市,13264.0,57477.0,23.08,市,https://page.line.me/tambacity,2025-12-03
,南あわじ市,兵庫県,南あわじ市,6225.0,40811.0,15.25,市,https://page.line.me/minamiawajicity,2025-12-03
,朝来市,兵庫県,朝来市,8350.0,26513.0,31.49,市,https://page.line.me/asagocity,2025-12-03
,淡路市,兵庫県,淡路市,8819.0,39663.0,22.23,市,https://page.line.me/awajicity,2025-12-03
,宍粟市,兵庫県,宍粟市,8821.0,31161.0,28.31,市,https://page.line.me/shisocity,2025-12-03
,加東市,兵庫県,加東市,1140.0,39538.0,2.88,市,https://page.line.me/640ucxcn,2025-12-03
,たつの市,兵庫県,たつの市,4275.0,70086.0,6.1,市,https://page.line.me/tatsuno.city,2025-12-03
,猪名川町,兵庫県,猪名川町,4428.0,27410.0,16.15,町,https://page.line.me/inagawa_town,2025-12-03
,多可町,兵庫県,多可町,2117.0,17304.0,12.23,町,https://page.line.me/takacho,2025-12-03
,稲美町,兵庫県,稲美町,12423.0,29742.0,41.77,町,https://page.line.me/inami-town,2025-12-03
,播磨町,兵庫県,播磨町,19170.0,33750.0,56.8,町,https://page.line.me/harimatown,2025-12-03
,市川町,兵庫県,兵庫県市川町,1669.0,9996.0,16.7,町,https://page.line.me/ichikawa_town,2025-12-03
,神河町,兵庫県,兵庫県神河町（Kamikawa）,4178.0,9445.0,44.24,町,https://page.line.me/kamikawa_hyogo,2025-12-03
,太子町,兵庫県,太子町,1455.0,32719.0,4.45,町,https://page.line.me/hyogo-taishi,2025-12-03
,上郡町,兵庫県,上郡町,4403.0,12649.0,34.81,町,https://page.line.me/kamigori_town,2025-12-03
,佐用町,兵庫県,佐用町,2757.0,13940.0,19.78,町,https://page.line.me/sayotown,2025-12-03
,新温泉町,兵庫県,新温泉町,3469.0,11824.0,29.34,町,https://page.line.me/shinonsentown,2025-12-03
,奈良県,奈良県,奈良県,75880.0,1274196.0,5.96,都道府県,https://page.line.me/pref.nara,2025-12-03
,奈良市,奈良県,奈良市,115537.0,345172.0,33.47,市,https://page.line.me/naracity,2025-12-03
,大和高田市,奈良県,大和高田市,9774.0,59165.0,16.52,市,https://page.line.me/yamatotakadacity,2025-12-03
,大和郡山市,奈良県,奈良県大和郡山市,15107.0,79980.0,18.89,市,https://page.line.me/yamatokoriyama-si,2025-12-03
,天理市,奈良県,天理市,2813.0,59979.0,4.69,市,https://page.line.me/tenricity,2025-12-03
,橿原市,奈良県,橿原市,20471.0,117710.0,17.39,市,https://page.line.me/kashiharacity,2025-12-03
,桜井市,奈良県,奈良県桜井市,7338.0,52447.0,13.99,市,https://page.line.me/sakuraicity,2025-12-03
,五條市,奈良県,五條市,3346.0,24849.0,13.47,市,https://page.line.me/gojo_city,2025-12-03
,御所市,奈良県,御所市,5830.0,21686.0,26.88,市,https://page.line.me/gosecity,2025-12-03
,生駒市,奈良県,生駒市,25110.0,113968.0,22.03,市,https://page.line.me/ikomacity,2025-12-03
,香芝市,奈良県,香芝市,34741.0,76877.0,45.19,市,https://page.line.me/kashiba.city,2025-12-03
,葛城市,奈良県,葛城市,5036.0,37067.0,13.59,市,https://page.line.me/katsuragi_city,2025-12-03
,宇陀市,奈良県,宇陀市,1318.0,25033.0,5.27,市,https://page.line.me/uda-city,2025-12-03
,平群町,奈良県,平群町,2589.0,17393.0,14.89,町,https://page.line.me/heguritown,2025-12-03
,三郷町,奈良県,三郷町,3167.0,22572.0,14.03,町,https://page.line.me/sangotown,2025-12-03
,斑鳩町,奈良県,斑鳩町,10004.0,27242.0,36.72,町,https://page.line.me/ikarugatown,2025-12-03
,川西町,奈良県,川西町,1786.0,7691.0,23.22,町,https://page.line.me/kawanishitown,2025-12-03
,三宅町,奈良県,三宅町政策推進課,431.0,6037.0,7.14,町,https://page.line.me/296xnxvc,2025-12-03
,田原本町,奈良県,田原本町,4831.0,30500.0,15.84,町,https://page.line.me/tawaramoto-town,2025-12-03
,高取町,奈良県,高取町,1168.0,6074.0,19.23,町,https://page.line.me/takatori3334,2025-12-03
,明日香村,奈良県,明日香村,684.0,4686.0,14.6,村,https://page.line.me/asuka_village,2025-12-03
,上牧町,奈良県,上牧町,5187.0,20464.0,25.35,町,https://page.line.me/kanmaki,2025-12-03
,王寺町,奈良県,王寺町,13121.0,23499.0,55.84,町,https://page.line.me/ojitown,2025-12-03
,広陵町,奈良県,広陵町,16569.0,33762.0,49.08,町,https://page.line.me/koryo_town,2025-12-03
,河合町,奈良県,河合町,2785.0,16039.0,17.36,町,https://page.line.me/kawai-town,2025-12-03
,吉野町,奈良県,吉野町,3444.0,5196.0,66.28,町,https://page.line.me/yoshino.town,2025-12-03
,大淀町,奈良県,大淀町,8580.0,15134.0,56.69,町,https://page.line.me/oyodotown,2025-12-03
,下市町,奈良県,下市町,2907.0,4171.0,69.7,町,https://page.line.me/shimoichi,2025-12-03
,黒滝村,奈良県,黒滝村,101.0,525.0,19.24,村,https://page.line.me/kurotakimura,2025-12-03
,下北山村,奈良県,下北山村役場,1663.0,662.0,251.21,村,https://page.line.me/shimokitayamamura,2025-12-03
,和歌山県,和歌山県,和歌山県,12842.0,867928.0,1.48,都道府県,https://page.line.me/wakayama_pref,2025-12-03
,和歌山市,和歌山県,和歌山市,33629.0,341549.0,9.85,市,https://page.line.me/wakayama_city,2025-12-03
,海南市,和歌山県,海南市,4839.0,44507.0,10.87,市,https://page.line.me/kainan_city,2025-12-03
,橋本市,和歌山県,橋本市,17866.0,57188.0,31.24,市,https://page.line.me/hashimoto_city,2025-12-03
,有田市,和歌山県,有田市,8725.0,23998.0,36.36,市,https://page.line.me/arida_city,2025-12-03
,御坊市,和歌山県,御坊市,5369.0,21462.0,25.02,市,https://page.line.me/gobo.city,2025-12-03
,田辺市,和歌山県,田辺市,7664.0,64188.0,11.94,市,https://page.line.me/tanabecity,2025-12-03
,新宮市,和歌山県,新宮市,3644.0,24601.0,14.81,市,https://page.line.me/shingu_city,2025-12-03
,紀の川市,和歌山県,紀の川市,31568.0,56040.0,56.33,市,https://page.line.me/kinokawacity,2025-12-03
,岩出市,和歌山県,岩出市,3436.0,53670.0,6.4,市,https://page.line.me/iwade.city,2025-12-03
,かつらぎ町,和歌山県,かつらぎ町,7143.0,14661.0,48.72,町,https://page.line.me/katsuragi-town,2025-12-03
,九度山町,和歌山県,九度山町,662.0,3413.0,19.4,町,https://page.line.me/kudoyama,2025-12-03
,高野町,和歌山県,高野町,1120.0,2639.0,42.44,町,https://page.line.me/town.koya,2025-12-03
,湯浅町,和歌山県,湯浅町,922.0,9965.0,9.25,町,https://page.line.me/yuasa_town,2025-12-03
,広川町,和歌山県,和歌山県広川町,552.0,6227.0,8.86,町,https://page.line.me/hirogawa.town,2025-12-03
,由良町,和歌山県,由良町,847.0,4705.0,18.0,町,https://page.line.me/yuracity,2025-12-03
,みなべ町,和歌山県,和歌山県みなべ町,1779.0,10814.0,16.45,町,https://page.line.me/minabe.town,2025-12-03
,上富田町,和歌山県,上富田町,1769.0,15291.0,11.57,町,https://page.line.me/kamitonda_town,2025-12-03
,北山村,和歌山県,北山村役場,565.0,347.0,162.82,村,https://page.line.me/kwd8867y,2025-12-03
,串本町,和歌山県,串本町,744.0,13020.0,5.71,町,https://page.line.me/kushimoto_town,2025-12-03
,鳥取県,鳥取県,鳥取県,15012.0,524535.0,2.86,都道府県,https://page.line.me/tottori.pref_line,2025-12-03
,鳥取市,鳥取県,鳥取市,52057.0,180021.0,28.92,市,https://page.line.me/tottori-city,2025-12-03
,米子市,鳥取県,米子市,4971.0,143060.0,3.47,市,https://page.line.me/yonago_city,2025-12-03
,倉吉市,鳥取県,倉吉市,6072.0,43275.0,14.03,市,https://page.line.me/kurayoshi-city,2025-12-03
,境港市,鳥取県,境港市,3621.0,31155.0,11.62,市,https://page.line.me/sakaiminato.city,2025-12-03
,岩美町,鳥取県,岩見町,1654.0,10064.0,16.43,町,https://page.line.me/iwamichou,2025-12-03
,智頭町,鳥取県,智頭町,333.0,5644.0,5.9,町,https://page.line.me/chizu-town,2025-12-03
,湯梨浜町,鳥取県,湯梨浜町,1061.0,15442.0,6.87,町,https://page.line.me/yurihama_line,2025-12-03
,琴浦町,鳥取県,琴浦町,4881.0,14793.0,33.0,町,https://page.line.me/kotouratown,2025-12-03
,日吉津村,鳥取県,日吉津村,735.0,3570.0,20.59,村,https://page.line.me/hiezu_son,2025-12-03
,大山町,鳥取県,大山町,1692.0,13965.0,12.12,町,https://page.line.me/daisentown,2025-12-03
,南部町,鳥取県,南部町,3369.0,9632.0,34.98,町,https://page.line.me/nanbu_town,2025-12-03
,日南町,鳥取県,日南町,176.0,3574.0,4.92,町,https://page.line.me/nichinan_info,2025-12-03
,日野町,鳥取県,鳥取県日野町,329.0,2466.0,13.34,町,https://page.line.me/hino-town,2025-12-03
,江府町,鳥取県,江府町,613.0,2329.0,26.32,町,https://page.line.me/town_kofu,2025-12-03
,島根県,島根県,島根県,28419.0,633105.0,4.49,都道府県,https://page.line.me/shimane_line,2025-12-03
,松江市,島根県,松江市,13017.0,195516.0,6.66,市,https://page.line.me/matsuecity,2025-12-03
,浜田市,島根県,浜田市,4114.0,49626.0,8.29,市,https://page.line.me/hamada-city,2025-12-03
,出雲市,島根県,出雲市,34991.0,169840.0,20.6,市,https://page.line.me/izumocity,2025-12-03
,益田市,島根県,益田市,5628.0,41555.0,13.54,市,https://page.line.me/masudacity,2025-12-03
,安来市,島根県,安来市,1419.0,33776.0,4.2,市,https://page.line.me/yasugicity,2025-12-03
,江津市,島根県,江津市,2380.0,20699.0,11.5,市,https://page.line.me/gotsucity,2025-12-03
,雲南市,島根県,雲南市,4079.0,32685.0,12.48,市,https://page.line.me/unnan-city.shimane,2025-12-03
,奥出雲町,島根県,奥出雲町,1497.0,10442.0,14.34,町,https://page.line.me/okuizumo,2025-12-03
,飯南町,島根県,島根県飯南町,3639.0,4102.0,88.71,町,https://page.line.me/iinan_town,2025-12-03
,川本町,島根県,川本町,1384.0,2960.0,46.76,町,https://page.line.me/kawamoto-town,2025-12-03
,美郷町,島根県,島根県美郷町,17745.0,3799.0,467.1,町,https://page.line.me/shimanemisato,2025-12-03
,邑南町,島根県,邑南町,1318.0,9087.0,14.5,町,https://page.line.me/ohnan_town,2025-12-03
,吉賀町,島根県,島根県吉賀町,2223.0,5374.0,41.37,町,https://page.line.me/line.town.yoshika,2025-12-03
,海士町,島根県,海士町,7283.0,2313.0,314.87,町,https://page.line.me/amacho,2025-12-03
,隠岐の島町,島根県,隠岐の島町,1590.0,12413.0,12.81,町,https://page.line.me/okinoshima-town,2025-12-03
,岡山県,岡山県,晴れの国 岡山県,16773.0,1815161.0,0.92,都道府県,https://page.line.me/okayamaken,2025-12-03
,岡山市,岡山県,岡山市役所公式LINE,102495.0,709799.0,14.44,市,https://page.line.me/okayamacity,2025-12-03
,倉敷市,岡山県,倉敷市,15138.0,464431.0,3.26,市,https://page.line.me/kurashikicity,2025-12-03
,津山市,岡山県,津山市,8384.0,93775.0,8.94,市,https://page.line.me/tsuyama_city,2025-12-03
,玉野市,岡山県,玉野市,2936.0,51631.0,5.69,市,https://page.line.me/tamano_city,2025-12-03
,笠岡市,岡山県,笠岡市,12128.0,41919.0,28.93,市,https://page.line.me/kikikanri,2025-12-03
,井原市,岡山県,井原市,4660.0,35060.0,13.29,市,https://page.line.me/ibaracity,2025-12-03
,総社市,岡山県,総社市,30441.0,69152.0,44.02,市,https://page.line.me/soja_city,2025-12-03
,高梁市,岡山県,高梁市,2464.0,24987.0,9.86,市,https://page.line.me/takahashi.city,2025-12-03
,新見市,岡山県,新見市,2191.0,24850.0,8.82,市,https://page.line.me/niimi_city,2025-12-03
,備前市,岡山県,備前市役所,7191.0,28985.0,24.81,市,https://page.line.me/bizen-city,2025-12-03
,瀬戸内市,岡山県,瀬戸内市,10024.0,34872.0,28.75,市,https://page.line.me/setouchicity,2025-12-03
,赤磐市,岡山県,赤磐市,4449.0,40794.0,10.91,市,https://page.line.me/akaiwa_city,2025-12-03
,真庭市,岡山県,真庭市,1997.0,38502.0,5.19,市,https://page.line.me/maniwacity,2025-12-03
,美作市,岡山県,美作市,800.0,23345.0,3.43,市,https://page.line.me/mimasaka-city,2025-12-03
,浅口市,岡山県,浅口市,3958.0,31046.0,12.75,市,https://page.line.me/asakuchi_city,2025-12-03
,早島町,岡山県,早島町,1326.0,12418.0,10.68,町,https://page.line.me/hayashima_town,2025-12-03
,矢掛町,岡山県,矢掛町,3351.0,12318.0,27.2,町,https://page.line.me/yakage_town,2025-12-03
,新庄村,岡山県,新庄村（岡山県真庭郡新庄村）,130.0,671.0,19.37,村,https://page.line.me/shinjo_official,2025-12-03
,鏡野町,岡山県,鏡野町危機管理室,644.0,11227.0,5.74,町,https://page.line.me/110utecf,2025-12-03
,奈義町,岡山県,奈義町,1977.0,5145.0,38.43,町,https://page.line.me/nagi,2025-12-03
,西粟倉村,岡山県,西粟倉村,936.0,1263.0,74.11,村,https://page.line.me/nishi_awakura,2025-12-03
,久米南町,岡山県,久米南町,851.0,4035.0,21.09,町,https://page.line.me/kumenan_town,2025-12-03
,美咲町,岡山県,美咲町,2159.0,11597.0,18.62,町,https://page.line.me/misaki1735,2025-12-03
,吉備中央町,岡山県,吉備中央町,1755.0,9979.0,17.59,町,https://page.line.me/kibichuo_town,2025-12-03
,広島県,広島県,広島県,95453.0,2694648.0,3.54,都道府県,https://page.line.me/hiroshima_pref,2025-12-03
,広島市,広島県,広島市,174323.0,1174357.0,14.84,市,https://page.line.me/hiroshima_city,2025-12-03
,呉市,広島県,呉市,31005.0,193684.0,16.01,市,https://page.line.me/kurecity,2025-12-03
,竹原市,広島県,竹原市,4148.0,21474.0,19.32,市,https://page.line.me/takehara_city,2025-12-03
,三原市,広島県,三原市,32935.0,84184.0,39.12,市,https://page.line.me/miharacity,2025-12-03
,尾道市,広島県,尾道市,46224.0,121288.0,38.11,市,https://page.line.me/onomichi1898,2025-12-03
,福山市,広島県,福山市,180549.0,446209.0,40.46,市,https://page.line.me/fukuyamacity,2025-12-03
,府中市,広島県,広島県府中市,6620.0,33913.0,19.52,市,https://page.line.me/fuchucity,2025-12-03
,三次市,広島県,広島県三次市,15885.0,46694.0,34.02,市,https://page.line.me/miyoshicity,2025-12-03
,庄原市,広島県,庄原市,3200.0,29895.0,10.7,市,https://page.line.me/shobara_city,2025-12-03
,大竹市,広島県,広島県大竹市,1851.0,24683.0,7.5,市,https://page.line.me/otakecity,2025-12-03
,東広島市,広島県,東広島市,46911.0,198842.0,23.59,市,https://page.line.me/hh_kanko,2025-12-03
,廿日市市,広島県,広島県廿日市市,30839.0,111840.0,27.57,市,https://page.line.me/hatsukaichicity,2025-12-03
,安芸高田市,広島県,広島県安芸高田市,9029.0,23864.0,37.84,市,https://page.line.me/akitakata-city,2025-12-03
,江田島市,広島県,広島県江田島市,6829.0,19682.0,34.7,市,https://page.line.me/etajimacity,2025-12-03
,府中町,広島県,広島県府中町,9889.0,51012.0,19.39,町,https://page.line.me/fuchutown_pref,2025-12-03
,海田町,広島県,広島県海田町,7426.0,30209.0,24.58,町,https://page.line.me/kaita.town,2025-12-03
,熊野町,広島県,広島県熊野町,9488.0,22488.0,42.19,町,https://page.line.me/townkumano,2025-12-03
,坂町,広島県,坂町,3462.0,11965.0,28.93,町,https://page.line.me/saka-town,2025-12-03
,安芸太田町,広島県,安芸太田町,12609.0,4923.0,256.12,町,https://page.line.me/akiota,2025-12-03
,北広島町,広島県,北広島町,6658.0,16249.0,40.97,町,https://page.line.me/kitahiroshima_town,2025-12-03
,世羅町,広島県,世羅町,3529.0,13581.0,25.98,町,https://page.line.me/seratown,2025-12-03
,山口県,山口県,山口県,27069.0,1261226.0,2.15,都道府県,https://page.line.me/yamaguchikouhou,2025-12-03
,下関市,山口県,下関市,23274.0,237259.0,9.81,市,https://page.line.me/shimonosekicity,2025-12-03
,宇部市,山口県,宇部市,35821.0,153986.0,23.26,市,https://page.line.me/ubecity,2025-12-03
,山口市,山口県,山口市,35446.0,187965.0,18.86,市,https://page.line.me/yamaguchi-city,2025-12-03
,萩市,山口県,萩市,6841.0,39641.0,17.26,市,https://page.line.me/hagicity,2025-12-03
,防府市,山口県,防府市,6670.0,110086.0,6.06,市,https://page.line.me/hofucity,2025-12-03
,下松市,山口県,下松市,3190.0,54888.0,5.81,市,https://page.line.me/kudamatsu.city,2025-12-03
,岩国市,山口県,岩国市,21593.0,119798.0,18.02,市,https://page.line.me/iwakuni.city,2025-12-03
,光市,山口県,光市,6253.0,46567.0,13.43,市,https://page.line.me/hikaricity,2025-12-03
,長門市,山口県,長門市,14431.0,28999.0,49.76,市,https://page.line.me/nagatocity,2025-12-03
,柳井市,山口県,柳井市,3029.0,28437.0,10.65,市,https://page.line.me/yanaicity,2025-12-03
,美祢市,山口県,美祢市,1584.0,20227.0,7.83,市,https://page.line.me/mine-city,2025-12-03
,周南市,山口県,周南市,4553.0,129666.0,3.51,市,https://page.line.me/shunancity,2025-12-03
,山陽小野田市,山口県,山陽小野田市,9432.0,56787.0,16.61,市,https://page.line.me/sanyo-onoda_city,2025-12-03
,周防大島町,山口県,周防大島町,2867.0,12689.0,22.59,町,https://page.line.me/suo_oshima,2025-12-03
,和木町,山口県,和木町,612.0,5447.0,11.24,町,https://page.line.me/wakitown,2025-12-03
,上関町,山口県,上関町,826.0,1863.0,44.34,町,https://page.line.me/kaminoseki-town,2025-12-03
,田布施町,山口県,田布施町,2280.0,13343.0,17.09,町,https://page.line.me/tabuse35343,2025-12-03
,平生町,山口県,平生町,3910.0,10843.0,36.06,町,https://page.line.me/hiraotown,2025-12-03
,徳島県,徳島県,徳島県,197303.0,675864.0,29.19,都道府県,https://page.line.me/pref_tokushima,2025-12-03
,徳島市,徳島県,徳島市,24678.0,243083.0,10.15,市,https://page.line.me/tokushima.city,2025-12-03
,鳴門市,徳島県,鳴門市,2432.0,51042.0,4.76,市,https://page.line.me/naruto_city,2025-12-03
,小松島市,徳島県,小松島市,1700.0,33145.0,5.13,市,https://page.line.me/komatsushima-city,2025-12-03
,阿南市,徳島県,阿南市,13095.0,64588.0,20.27,市,https://page.line.me/anancity,2025-12-03
,吉野川市,徳島県,吉野川市,2485.0,35482.0,7.0,市,https://page.line.me/yoshinogawacity,2025-12-03
,阿波市,徳島県,阿波市,6518.0,31685.0,20.57,市,https://page.line.me/awacity,2025-12-03
,美馬市,徳島県,美馬市,2959.0,25350.0,11.67,市,https://page.line.me/mima_city,2025-12-03
,三好市,徳島県,三好市,1222.0,20477.0,5.97,市,https://www.miyoshi.i-tokushima.jp/docs/4737109.html,2025-12-03
,勝浦町,徳島県,勝浦町,395.0,4237.0,9.32,町,https://page.line.me/katsuuratown,2025-12-03
,上勝町,徳島県,上勝町,637.0,1185.0,53.76,町,https://page.line.me/kamikatsu_town,2025-12-03
,那賀町,徳島県,那賀町,4023.0,6249.0,64.38,町,https://page.line.me/naka-town,2025-12-03
,牟岐町,徳島県,牟岐町,1038.0,3091.0,33.58,町,https://page.line.me/mugi_town,2025-12-03
,美波町,徳島県,徳島県　 美波町,1631.0,5338.0,30.55,町,https://page.line.me/town.minami,2025-12-03
,北島町,徳島県,北島町,7384.0,23224.0,31.79,町,https://page.line.me/436dcirbkitajima,2025-12-03
,藍住町,徳島県,藍住町,3401.0,35099.0,9.69,町,https://page.line.me/aizumitown,2025-12-03
,東みよし町,徳島県,東みよし町,3793.0,12551.0,30.22,町,https://page.line.me/higashimiyoshi,2025-12-03
,香川県,香川県,香川県,9857.0,908343.0,1.09,都道府県,https://page.line.me/prefkagawa,2025-12-03
,高松市,香川県,高松市,18692.0,407174.0,4.59,市,https://page.line.me/takamatsucity,2025-12-03
,丸亀市,香川県,丸亀市,19287.0,107492.0,17.94,市,https://page.line.me/marugame_city,2025-12-03
,坂出市,香川県,坂出市,3050.0,47323.0,6.45,市,https://page.line.me/sakaide_city,2025-12-03
,善通寺市,香川県,善通寺市,12737.0,29611.0,43.01,市,https://page.line.me/zentsujicity,2025-12-03
,観音寺市,香川県,観音寺市,10063.0,53799.0,18.7,市,https://page.line.me/kan-onjicity,2025-12-03
,さぬき市,香川県,さぬき市,3891.0,43152.0,9.02,市,https://page.line.me/sanukicity,2025-12-03
,三豊市,香川県,三豊市,6037.0,57119.0,10.57,市,https://page.line.me/mitoyocity,2025-12-03
,土庄町,香川県,香川県土庄町,924.0,11432.0,8.08,町,https://page.line.me/tonosho,2025-12-03
,宇多津町,香川県,宇多津町,3910.0,18596.0,21.03,町,https://page.line.me/utazu,2025-12-03
,琴平町,香川県,琴平町,736.0,7614.0,9.67,町,https://page.line.me/kotohiraline,2025-12-03
,多度津町,香川県,多度津町,1380.0,20885.0,6.61,町,https://page.line.me/tadotsu_town,2025-12-03
,まんのう町,香川県,まんのう町,163.0,15971.0,1.02,町,https://page.line.me/mannotown,2025-12-03
,愛媛県,愛媛県,愛媛県,114396.0,1258374.0,9.09,都道府県,https://page.line.me/ehime_pref,2025-12-03
,松山市,愛媛県,松山市,113197.0,494811.0,22.88,市,https://page.line.me/line_matsuyamacity,2025-12-03
,今治市,愛媛県,今治市,47167.0,140980.0,33.46,市,https://page.line.me/imabari-city,2025-12-03
,宇和島市,愛媛県,愛媛県宇和島市,11729.0,63145.0,18.57,市,https://page.line.me/uwajima-city,2025-12-03
,八幡浜市,愛媛県,八幡浜市,4609.0,28654.0,16.09,市,https://page.line.me/city.yawatahama,2025-12-03
,新居浜市,愛媛県,新居浜市,29005.0,109434.0,26.5,市,https://page.line.me/niihama_city,2025-12-03
,西条市,愛媛県,西条市,19574.0,98998.0,19.77,市,https://page.line.me/saijocity,2025-12-03
,大洲市,愛媛県,大洲市,2208.0,36793.0,6.0,市,https://page.line.me/ozucity,2025-12-03
,伊予市,愛媛県,伊予市,3242.0,33415.0,9.7,市,https://page.line.me/iyocity,2025-12-03
,四国中央市,愛媛県,愛媛県四国中央市,19843.0,76754.0,25.85,市,https://page.line.me/city.shikokuchuo,2025-12-03
,西予市,愛媛県,愛媛県西予市,3899.0,31689.0,12.3,市,https://page.line.me/seiyo_city,2025-12-03
,東温市,愛媛県,東温市,5546.0,33117.0,16.75,市,https://page.line.me/toon-city,2025-12-03
,久万高原町,愛媛県,愛媛県久万高原町,2698.0,6163.0,43.78,町,https://page.line.me/kumakogen_town,2025-12-03
,松前町,愛媛県,愛媛県松前町,1999.0,29058.0,6.88,町,https://page.line.me/masakitown,2025-12-03
,砥部町,愛媛県,砥部町,1916.0,19710.0,9.72,町,https://page.line.me/tobe,2025-12-03
,内子町,愛媛県,内子町,1661.0,13648.0,12.17,町,https://page.line.me/uchikotown,2025-12-03
,伊方町,愛媛県,愛媛県伊方町,507.0,6983.0,7.26,町,https://page.line.me/ikata,2025-12-03
,松野町,愛媛県,松野町,162.0,3272.0,4.95,町,https://page.line.me/matsuno_town,2025-12-03
,鬼北町,愛媛県,鬼北町,139.0,8667.0,1.6,町,https://page.line.me/kihoku,2025-12-03
,愛南町,愛媛県,愛南町,921.0,17216.0,5.35,町,https://page.line.me/ainan-town,2025-12-03
,高知県,高知県,高知県,24635.0,644881.0,3.82,都道府県,https://page.line.me/kochi_kouhou,2025-12-03
,高知市,高知県,高知市,25118.0,309972.0,8.1,市,https://page.line.me/kochicity,2025-12-03
,安芸市,高知県,安芸市,921.0,14587.0,6.31,市,https://page.line.me/aki-city,2025-12-03
,南国市,高知県,南国市,6779.0,45278.0,14.97,市,https://page.line.me/nankokucity,2025-12-03
,土佐市,高知県,土佐市,1946.0,24371.0,7.98,市,https://page.line.me/tosacity,2025-12-03
,宿毛市,高知県,高知県宿毛市,6855.0,17141.0,39.99,市,https://page.line.me/sukumoshi,2025-12-03
,土佐清水市,高知県,土佐清水市,721.0,10625.0,6.79,市,https://page.line.me/tosashimizu1,2025-12-03
,四万十市,高知県,四万十市,9423.0,30288.0,31.11,市,https://page.line.me/shimantocity,2025-12-03
,香南市,高知県,香南市,3065.0,31396.0,9.76,市,https://page.line.me/konan.city,2025-12-03
,香美市,高知県,香美市,1072.0,24906.0,4.3,市,https://page.line.me/kami.city,2025-12-03
,田野町,高知県,田野町,231.0,2225.0,10.38,町,https://page.line.me/tanocho,2025-12-03
,馬路村,高知県,馬路村,4773.0,649.0,735.44,村,https://page.line.me/143lzoxa,2025-12-03
,芸西村,高知県,芸西村役場,533.0,3557.0,14.98,村,https://page.line.me/geisei,2025-12-03
,本山町,高知県,本山町政策企画課,114.0,2883.0,3.95,町,https://page.line.me/239qxrwm,2025-12-03
,大豊町,高知県,大豊町,226.0,2700.0,8.37,町,https://page.line.me/otoyo.kochi,2025-12-03
,土佐町,高知県,土佐町,592.0,3382.0,17.5,町,https://page.line.me/tosa-town,2025-12-03
,仁淀川町,高知県,仁淀川町,608.0,4035.0,15.07,町,https://page.line.me/niyodogawa-town,2025-12-03
,中土佐町,高知県,中土佐町,243.0,5156.0,4.71,町,https://page.line.me/nakatosa,2025-12-03
,佐川町,高知県,佐川町,2796.0,11330.0,24.68,町,https://page.line.me/team_sakawa,2025-12-03
,日高村,高知県,高知県日高村,2319.0,4476.0,51.81,村,https://page.line.me/hidakamura,2025-12-03
,四万十町,高知県,四万十町,2451.0,13700.0,17.89,町,https://page.line.me/shimanto_town,2025-12-03
,大月町,高知県,大月町,763.0,3865.0,19.74,町,https://page.line.me/otsukitown,2025-12-03
,黒潮町,高知県,黒潮町,2207.0,9083.0,24.3,町,https://page.line.me/kuroshio_town,2025-12-03
,福岡県,福岡県,福岡県庁,132954.0,5088841.0,2.61,都道府県,https://page.line.me/pref_fukuoka,2025-12-03
,北九州市,福岡県,北九州市,107793.0,900111.0,11.98,市,https://page.line.me/city.of.kitakyushu,2025-12-03
,福岡市,福岡県,福岡市,1949331.0,1670636.0,116.68,市,https://page.line.me/fukuokacity,2025-12-03
,大牟田市,福岡県,大牟田市,62359.0,102181.0,61.03,市,https://page.line.me/omuta_city,2025-12-03
,久留米市,福岡県,久留米市,96132.0,297943.0,32.27,市,https://page.line.me/kurume-city,2025-12-03
,直方市,福岡県,直方市,12123.0,54108.0,22.41,市,https://page.line.me/nogata_city,2025-12-03
,飯塚市,福岡県,飯塚市,25304.0,122300.0,20.69,市,https://page.line.me/iizuka_city,2025-12-03
,田川市,福岡県,田川市,12634.0,43494.0,29.05,市,https://page.line.me/tagawa-city,2025-12-03
,柳川市,福岡県,柳川市,3847.0,60143.0,6.4,市,https://page.line.me/yanagawa_city,2025-12-03
,八女市,福岡県,八女市,16926.0,57468.0,29.45,市,https://page.line.me/yamecity,2025-12-03
,筑後市,福岡県,筑後市,8452.0,48197.0,17.54,市,https://page.line.me/chikugo_city,2025-12-03
,大川市,福岡県,大川市,7961.0,30076.0,26.47,市,https://page.line.me/okawacity,2025-12-03
,行橋市,福岡県,行橋市（ゆくはしし）,25557.0,70253.0,36.38,市,https://page.line.me/city.yukuhashi,2025-12-03
,豊前市,福岡県,豊前市,7629.0,22370.0,34.1,市,https://page.line.me/buzen.city,2025-12-03
,中間市,福岡県,中間市,2217.0,37865.0,5.86,市,https://page.line.me/nakama_city,2025-12-03
,小郡市,福岡県,小郡市,15738.0,59406.0,26.49,市,https://page.line.me/ogoricity,2025-12-03
,筑紫野市,福岡県,筑紫野市,18650.0,105194.0,17.73,市,https://page.line.me/chikushinocity,2025-12-03
,春日市,福岡県,春日市,71440.0,109430.0,65.28,市,https://page.line.me/kasuga_fukuoka,2025-12-03
,大野城市,福岡県,大野城市,19911.0,104242.0,19.1,市,https://page.line.me/onojocity,2025-12-03
,宗像市,福岡県,宗像市,24736.0,96676.0,25.59,市,https://page.line.me/muna2020,2025-12-03
,太宰府市,福岡県,太宰府市,35910.0,72719.0,49.38,市,https://page.line.me/dazaifu_city,2025-12-03
,古賀市,福岡県,古賀市,18911.0,58166.0,32.51,市,https://page.line.me/koga-city,2025-12-03
,福津市,福岡県,福津市役所,12709.0,69388.0,18.32,市,https://page.line.me/fukutsucity,2025-12-03
,うきは市,福岡県,うきは市,10758.0,25953.0,41.45,市,https://page.line.me/ukihacity,2025-12-03
,宮若市,福岡県,宮若市,9004.0,24386.0,36.92,市,https://page.line.me/miyawaka-city,2025-12-03
,嘉麻市,福岡県,嘉麻市,5487.0,31904.0,17.2,市,https://page.line.me/kamacity,2025-12-03
,朝倉市,福岡県,朝倉市,5764.0,47654.0,12.1,市,https://page.line.me/asakura-city,2025-12-03
,みやま市,福岡県,みやま市,6542.0,32945.0,19.86,市,https://page.line.me/miyamacity,2025-12-03
,糸島市,福岡県,糸島市,39592.0,100413.0,39.43,市,https://page.line.me/itoshima_city,2025-12-03
,那珂川市,福岡県,那珂川市,29178.0,49004.0,59.54,市,https://page.line.me/nakagawacity,2025-12-03
,宇美町,福岡県,宇美町,13395.0,37094.0,36.11,町,https://page.line.me/covid19-1,2025-12-03
,篠栗町,福岡県,篠栗町,11721.0,30942.0,37.88,町,https://page.line.me/sasaguritown,2025-12-03
,志免町,福岡県,志免町,7236.0,46190.0,15.67,町,https://page.line.me/shimetown,2025-12-03
,須恵町,福岡県,須恵町,7113.0,29292.0,24.28,町,https://page.line.me/suetown,2025-12-03
,新宮町,福岡県,新宮町,2976.0,32461.0,9.17,町,https://page.line.me/shingu.town,2025-12-03
,久山町,福岡県,久山町,2793.0,9284.0,30.08,町,https://page.line.me/hisayama,2025-12-03
,粕屋町,福岡県,粕屋町,11407.0,48360.0,23.59,町,https://page.line.me/kasuya_town,2025-12-03
,芦屋町,福岡県,芦屋町,1623.0,12364.0,13.13,町,https://page.line.me/ashiya_town,2025-12-03
,水巻町,福岡県,水巻町,1736.0,27531.0,6.31,町,https://page.line.me/mizumaki_town,2025-12-03
,岡垣町,福岡県,岡垣町,7314.0,30482.0,23.99,町,https://page.line.me/okagaki,2025-12-03
,遠賀町,福岡県,遠賀町,5496.0,18414.0,29.85,町,https://page.line.me/onga_town,2025-12-03
,小竹町,福岡県,小竹町,1811.0,6542.0,27.68,町,https://page.line.me/kotake,2025-12-03
,鞍手町,福岡県,鞍手町,4318.0,14121.0,30.58,町,https://page.line.me/kurate,2025-12-03
,桂川町,福岡県,桂川町,1061.0,12231.0,8.67,町,https://page.line.me/keisen_town,2025-12-03
,筑前町,福岡県,筑前町,8615.0,30629.0,28.13,町,https://page.line.me/chikuzen,2025-12-03
,東峰村,福岡県,東峰村,819.0,1599.0,51.22,村,https://page.line.me/toho-village,2025-12-03
,大刀洗町,福岡県,大刀洗町,5607.0,15913.0,35.24,町,https://page.line.me/tachiarai.town,2025-12-03
,大木町,福岡県,大木町,3555.0,13257.0,26.82,町,https://page.line.me/ooki-town,2025-12-03
,広川町,福岡県,福岡県広川町,5948.0,19484.0,30.53,町,https://page.line.me/hirokawatown,2025-12-03
,香春町,福岡県,香春町,1631.0,9300.0,17.54,町,https://page.line.me/kawara_town,2025-12-03
,添田町,福岡県,添田町,3112.0,7529.0,41.33,町,https://page.line.me/soeda,2025-12-03
,糸田町,福岡県,糸田町,736.0,7667.0,9.6,町,https://page.line.me/itodatown,2025-12-03
,川崎町,福岡県,川崎町,3823.0,13497.0,28.32,町,https://page.line.me/kawasaki_fukuoka,2025-12-03
,赤村,福岡県,赤村,252.0,2454.0,10.27,村,https://page.line.me/lineakamura,2025-12-03
,福智町,福岡県,福智町,5822.0,19616.0,29.68,町,https://page.line.me/fukuchitown,2025-12-03
,苅田町,福岡県,苅田町,9485.0,37729.0,25.14,町,https://page.line.me/kandatown,2025-12-03
,みやこ町,福岡県,みやこ町役場,1516.0,17027.0,8.9,町,https://page.line.me/miyako-town,2025-12-03
,吉富町,福岡県,吉富町,2340.0,6278.0,37.27,町,https://page.line.me/yoshitomitown,2025-12-03
,上毛町,福岡県,上毛町,1099.0,6729.0,16.33,町,https://page.line.me/kogetown,2025-12-03
,築上町,福岡県,築上町,5222.0,15464.0,33.77,町,https://page.line.me/town.chikujo,2025-12-03
,佐賀県,佐賀県,佐賀県,12777.0,781351.0,1.64,都道府県,https://page.line.me/saga_kouhou,2025-12-03
,佐賀市,佐賀県,佐賀市,24766.0,227117.0,10.9,市,https://page.line.me/sagacity,2025-12-03
,唐津市,佐賀県,唐津市,41413.0,110029.0,37.64,市,https://page.line.me/karatsushi,2025-12-03
,鳥栖市,佐賀県,佐賀県鳥栖市,5785.0,74692.0,7.75,市,https://page.line.me/tosu_city,2025-12-03
,多久市,佐賀県,多久市役所,1419.0,16855.0,8.42,市,https://page.line.me/takucity,2025-12-03
,伊万里市,佐賀県,佐賀県伊万里市,7703.0,49620.0,15.52,市,https://page.line.me/imari_city,2025-12-03
,武雄市,佐賀県,武雄市,1090.0,45735.0,2.38,市,https://page.line.me/takeocity,2025-12-03
,鹿島市,佐賀県,佐賀県鹿島市,11866.0,26138.0,45.4,市,https://page.line.me/kashimacity,2025-12-03
,小城市,佐賀県,小城市役所,7894.0,42776.0,18.45,市,https://page.line.me/ogicity,2025-12-03
,嬉野市,佐賀県,嬉野市役所,3656.0,24388.0,14.99,市,https://page.line.me/ureshino.city,2025-12-03
,神埼市,佐賀県,神埼市,12646.0,29655.0,42.64,市,https://page.line.me/kanzakicity,2025-12-03
,吉野ヶ里町,佐賀県,吉野ヶ里町,3427.0,16294.0,21.03,町,https://page.line.me/yoshinogari_town,2025-12-03
,基山町,佐賀県,基山町,5373.0,17476.0,30.75,町,https://page.line.me/kiyamatown,2025-12-03
,上峰町,佐賀県,佐賀県上峰町,4504.0,9613.0,46.85,町,https://page.line.me/kamimine-town,2025-12-03
,みやき町,佐賀県,みやき町,5823.0,25513.0,22.82,町,https://page.line.me/miyaki-town,2025-12-03
,玄海町,佐賀県,玄海町役場,1803.0,4902.0,36.78,町,https://page.line.me/genkai_town,2025-12-03
,大町町,佐賀県,佐賀県大町町,1139.0,5785.0,19.69,町,https://page.line.me/omachi_town,2025-12-03
,白石町,佐賀県,白石町,1424.0,20322.0,7.01,町,https://page.line.me/shiroishitown,2025-12-03
,太良町,佐賀県,太良町,1454.0,7251.0,20.05,町,https://page.line.me/taratown,2025-12-03
,長崎県,長崎県,長崎県,32068.0,1234361.0,2.6,都道府県,https://page.line.me/nagasakiken,2025-12-03
,長崎市,長崎県,長崎市,63312.0,383418.0,16.51,市,https://page.line.me/nagasakicity,2025-12-03
,佐世保市,長崎県,佐世保市,29180.0,226803.0,12.87,市,https://page.line.me/sasebocity,2025-12-03
,島原市,長崎県,島原市,10762.0,40246.0,26.74,市,https://page.line.me/shimabaracity,2025-12-03
,諫早市,長崎県,諫早市,44752.0,130355.0,34.33,市,https://page.line.me/isahaya-city,2025-12-03
,大村市,長崎県,大村市,34006.0,97678.0,34.81,市,https://page.line.me/omuracity,2025-12-03
,平戸市,長崎県,平戸市,6113.0,26296.0,23.25,市,https://page.line.me/hirado_city,2025-12-03
,松浦市,長崎県,松浦市,1241.0,19120.0,6.49,市,https://page.line.me/matsuuracity,2025-12-03
,対馬市,長崎県,対馬市,9999.0,25333.0,39.47,市,https://page.line.me/tsushima-island,2025-12-03
,壱岐市,長崎県,壱岐市,4692.0,22195.0,21.14,市,https://page.line.me/ikicity,2025-12-03
,五島市,長崎県,五島市,14003.0,31292.0,44.75,市,https://page.line.me/gotocity,2025-12-03
,西海市,長崎県,西海市,9808.0,23640.0,41.49,市,https://page.line.me/saikaisi,2025-12-03
,雲仙市,長崎県,雲仙市,4623.0,38497.0,12.01,市,https://page.line.me/unzencity,2025-12-03
,南島原市,長崎県,南島原市,10339.0,37651.0,27.46,市,https://page.line.me/minami-shimabara,2025-12-03
,長与町,長崎県,長与町【公式】ナガヨ　ミックン,11883.0,38722.0,30.69,町,https://page.line.me/nagayo-mikkun,2025-12-03
,時津町,長崎県,時津町,4880.0,28768.0,16.96,町,https://page.line.me/togitsu_town,2025-12-03
,東彼杵町,長崎県,東彼杵町,1630.0,7222.0,22.57,町,https://page.line.me/higashisonogitown,2025-12-03
,川棚町,長崎県,川棚町,7423.0,12304.0,60.33,町,https://page.line.me/kawatanatown,2025-12-03
,波佐見町,長崎県,波佐見町,6194.0,13780.0,44.95,町,https://page.line.me/hasamitown,2025-12-03
,小値賀町,長崎県,長崎県小値賀町,1185.0,2007.0,59.04,町,https://page.line.me/ojika_42383,2025-12-03
,佐々町,長崎県,佐々町,2847.0,13723.0,20.75,町,https://page.line.me/sazacho,2025-12-03
,新上五島町,長崎県,新上五島町,10034.0,15311.0,65.53,町,https://page.line.me/town-shinkamigoto,2025-12-03
,熊本県,熊本県,熊本県,33957.0,1683115.0,2.02,都道府県,https://page.line.me/kumamotopref,2025-12-03
,熊本市,熊本県,熊本市,199753.0,735455.0,27.16,市,https://page.line.me/kumamotocity,2025-12-03
,八代市,熊本県,八代市,13034.0,116379.0,11.2,市,https://page.line.me/info.yatsushiro,2025-12-03
,人吉市,熊本県,人吉市,7307.0,28565.0,25.58,市,https://page.line.me/hitoyoshi_city,2025-12-03
,荒尾市,熊本県,荒尾市,15270.0,47599.0,32.08,市,https://page.line.me/araocity,2025-12-03
,水俣市,熊本県,水俣市,4973.0,20909.0,23.78,市,https://page.line.me/minamata-city,2025-12-03
,玉名市,熊本県,玉名市,23627.0,60535.0,39.03,市,https://page.line.me/tamanacity,2025-12-03
,宇土市,熊本県,宇土市,6111.0,35032.0,17.44,市,https://page.line.me/utocity,2025-12-03
,上天草市,熊本県,上天草市,14472.0,21283.0,68.0,市,https://page.line.me/kamiamakusa,2025-12-03
,宇城市,熊本県,宇城市,18454.0,54397.0,33.92,市,https://page.line.me/ukicity,2025-12-03
,阿蘇市,熊本県,阿蘇市,1840.0,23268.0,7.91,市,https://page.line.me/asocity,2025-12-03
,天草市,熊本県,天草市,21032.0,67871.0,30.99,市,https://page.line.me/amakusa-city,2025-12-03
,合志市,熊本県,合志市,22794.0,64178.0,35.52,市,https://page.line.me/koshicity,2025-12-03
,美里町,熊本県,熊本県美里町,1373.0,8062.0,17.03,町,https://page.line.me/misato-town,2025-12-03
,玉東町,熊本県,玉東町,1289.0,4874.0,26.45,町,https://page.line.me/gyokutotown,2025-12-03
,南関町,熊本県,南関町,1568.0,7983.0,19.64,町,https://page.line.me/nankantown,2025-12-03
,長洲町,熊本県,長洲町,6738.0,14499.0,46.47,町,https://page.line.me/nagasutown,2025-12-03
,和水町,熊本県,和水町,4132.0,8511.0,48.55,町,https://page.line.me/nagomitown,2025-12-03
,大津町,熊本県,大津町,9175.0,36362.0,25.23,町,https://page.line.me/ozutown,2025-12-03
,菊陽町,熊本県,菊陽町,18290.0,44609.0,41.0,町,https://page.line.me/kikuyo,2025-12-03
,南小国町,熊本県,南小国町役場,1847.0,3556.0,51.94,町,https://page.line.me/minamioguni-machi,2025-12-03
,小国町,熊本県,熊本県阿蘇郡小国町,701.0,5858.0,11.97,町,https://page.line.me/kumamoto-oguni,2025-12-03
,高森町,熊本県,熊本県高森町,783.0,5331.0,14.69,町,https://page.line.me/072jxcgn,2025-12-03
,西原村,熊本県,西原村,1166.0,6802.0,17.14,村,https://page.line.me/nishihara.vill,2025-12-03
,南阿蘇村,熊本県,南阿蘇村役場,2295.0,9368.0,24.5,村,https://page.line.me/minamiaso,2025-12-03
,益城町,熊本県,益城町,3920.0,33534.0,11.69,町,https://page.line.me/mashikitown,2025-12-03
,山都町,熊本県,熊本県山都町,1380.0,11610.0,11.89,町,https://page.line.me/yamatocho,2025-12-03
,氷川町,熊本県,氷川町,2233.0,10001.0,22.33,町,https://page.line.me/hikawatown,2025-12-03
,芦北町,熊本県,芦北町,4889.0,13596.0,35.96,町,https://page.line.me/ashikita,2025-12-03
,津奈木町,熊本県,津奈木町,562.0,3806.0,14.77,町,https://page.line.me/town.tsunagi,2025-12-03
,錦町,熊本県,錦町,802.0,9713.0,8.26,町,https://page.line.me/nishikimachi,2025-12-03
,湯前町,熊本県,湯前町,702.0,3235.0,21.7,町,https://page.line.me/yunomae,2025-12-03
,水上村,熊本県,水上村,213.0,1796.0,11.86,村,https://page.line.me/mizukamimura,2025-12-03
,相良村,熊本県,相良村,297.0,3709.0,8.01,村,https://page.line.me/sagara.vill,2025-12-03
,五木村,熊本県,五木村,479.0,801.0,59.8,村,https://page.line.me/itsukimura435112,2025-12-03
,球磨村,熊本県,球磨村,2801.0,1589.0,176.27,村,https://page.line.me/kumavillage,2025-12-03
,あさぎり町,熊本県,あさぎり町,1237.0,13364.0,9.26,町,https://page.line.me/asagiri_town,2025-12-03
,大分県,大分県,大分県,22625.0,1074257.0,2.11,都道府県,https://page.line.me/oitapref,2025-12-03
,大分市,大分県,大分市,23777.0,468938.0,5.07,市,https://page.line.me/oitacity,2025-12-03
,別府市,大分県,別府市,31956.0,111388.0,28.69,市,https://page.line.me/beppucity,2025-12-03
,中津市,大分県,中津市,15636.0,80353.0,19.46,市,https://page.line.me/nakatsubosai,2025-12-03
,日田市,大分県,日田市,16826.0,57971.0,29.02,市,https://page.line.me/hitacity,2025-12-03
,佐伯市,大分県,佐伯市,8661.0,60497.0,14.32,市,https://page.line.me/saiki_city,2025-12-03
,臼杵市,大分県,臼杵市,7301.0,32726.0,22.31,市,https://page.line.me/0972-63-1111,2025-12-03
,津久見市,大分県,津久見市,894.0,13919.0,6.42,市,https://page.line.me/tsukumicity,2025-12-03
,竹田市,大分県,竹田市,3035.0,17906.0,16.95,市,https://page.line.me/taketacity,2025-12-03
,豊後高田市,大分県,豊後高田市,8183.0,21205.0,38.59,市,https://page.line.me/bungotakadacity,2025-12-03
,杵築市,大分県,杵築市,2069.0,25420.0,8.14,市,https://page.line.me/kitsuki-city,2025-12-03
,宇佐市,大分県,宇佐市,21879.0,48969.0,44.68,市,https://page.line.me/usacity_pr,2025-12-03
,豊後大野市,大分県,豊後大野市役所,2224.0,30251.0,7.35,市,https://page.line.me/bungoono-city,2025-12-03
,由布市,大分県,由布市,3789.0,32223.0,11.76,市,https://page.line.me/yufucity,2025-12-03
,国東市,大分県,国東市,2651.0,23650.0,11.21,市,https://page.line.me/kunisakicity,2025-12-03
,姫島村,大分県,大分県姫島村,998.0,1468.0,67.98,村,https://page.line.me/himeshimamura,2025-12-03
,日出町,大分県,日出町,9614.0,27005.0,35.6,町,https://page.line.me/hijitown,2025-12-03
,九重町,大分県,九重町,2128.0,7504.0,28.36,町,https://page.line.me/kokonoe_town,2025-12-03
,玖珠町,大分県,玖珠町,1676.0,12864.0,13.03,町,https://page.line.me/kusumachi,2025-12-03
,宮崎県,宮崎県,宮崎県,23978.0,1018859.0,2.35,都道府県,https://page.line.me/miyazakiken,2025-12-03
,宮崎市,宮崎県,宮崎市,50844.0,391237.0,13.0,市,https://page.line.me/miyazakicity,2025-12-03
,都城市,宮崎県,都城市,87148.0,159014.0,54.81,市,https://page.line.me/miyakonojo01,2025-12-03
,延岡市,宮崎県,延岡市,34769.0,109368.0,31.79,市,https://page.line.me/nobeokacity,2025-12-03
,日南市,宮崎県,日南市役所,6762.0,46045.0,14.69,市,https://page.line.me/nichinancity,2025-12-03
,小林市,宮崎県,小林市,9406.0,40223.0,23.38,市,https://page.line.me/kobayashi-city,2025-12-03
,日向市,宮崎県,日向市,21375.0,56030.0,38.15,市,https://page.line.me/hyugacity,2025-12-03
,串間市,宮崎県,串間市,13129.0,14657.0,89.57,市,https://page.line.me/kushima.city,2025-12-03
,西都市,宮崎県,西都市役所,6150.0,26740.0,23.0,市,https://page.line.me/saito_city,2025-12-03
,えびの市,宮崎県,えびの市,3872.0,15542.0,24.91,市,https://page.line.me/ebinocity,2025-12-03
,三股町,宮崎県,三股町,3858.0,25032.0,15.41,町,https://page.line.me/mimatatown,2025-12-03
,高原町,宮崎県,高原町,1595.0,7740.0,20.61,町,https://page.line.me/takaharucity,2025-12-03
,国富町,宮崎県,国富町,4654.0,17356.0,26.81,町,https://page.line.me/kunitomi_to_me,2025-12-03
,高鍋町,宮崎県,高鍋町,7645.0,18819.0,40.62,町,https://page.line.me/takanabe,2025-12-03
,新富町,宮崎県,新富町,7460.0,15709.0,47.49,町,https://page.line.me/shintomi,2025-12-03
,木城町,宮崎県,木城町,1032.0,4458.0,23.15,町,https://page.line.me/kijotown,2025-12-03
,川南町,宮崎県,川南町,2969.0,14012.0,21.19,町,https://page.line.me/kawaminami,2025-12-03
,都農町,宮崎県,都農町,2179.0,9297.0,23.44,町,https://page.line.me/tsunotown,2025-12-03
,門川町,宮崎県,門川町,1496.0,16371.0,9.14,町,https://page.line.me/kadogawacho,2025-12-03
,諸塚村,宮崎県,諸塚村役場,109.0,1252.0,8.71,村,https://page.line.me/morotsuka,2025-12-03
,椎葉村,宮崎県,椎葉村,751.0,2138.0,35.13,村,https://page.line.me/shiiba01,2025-12-03
,美郷町,宮崎県,宮崎県美郷町,1350.0,4084.0,33.06,町,https://page.line.me/misato0101,2025-12-03
,高千穂町,宮崎県,高千穂町,3727.0,10332.0,36.07,町,https://page.line.me/takachiho_town,2025-12-03
,日之影町,宮崎県,日之影町,1180.0,3102.0,38.04,町,https://page.line.me/hinokagetown,2025-12-03
,五ヶ瀬町,宮崎県,五ヶ瀬町,1271.0,2948.0,43.11,町,https://page.line.me/gokase1,2025-12-03
,鹿児島県,鹿児島県,鹿児島県庁,1010528.0,1512337.0,66.82,都道府県,https://page.line.me/pref.kagoshima,2025-12-03
,鹿児島市,鹿児島県,鹿児島市,116976.0,579202.0,20.2,市,https://page.line.me/kagoshimacity,2025-12-03
,鹿屋市,鹿児島県,鹿屋市,11398.0,96568.0,11.8,市,https://page.line.me/kanoyacity,2025-12-03
,阿久根市,鹿児島県,阿久根市,3901.0,17231.0,22.64,市,https://page.line.me/akunecity,2025-12-03
,出水市,鹿児島県,出水市,37517.0,49821.0,75.3,市,https://page.line.me/izumi_city,2025-12-03
,指宿市,鹿児島県,指宿市,18765.0,35913.0,52.25,市,https://page.line.me/ibusuki_city,2025-12-03
,西之表市,鹿児島県,西之表市,3074.0,13586.0,22.63,市,https://page.line.me/nishinoomotecity,2025-12-03
,垂水市,鹿児島県,垂水市,1474.0,12147.0,12.13,市,https://page.line.me/tarumizu_city,2025-12-03
,薩摩川内市,鹿児島県,薩摩川内市,19801.0,88016.0,22.5,市,https://page.line.me/satsumasendai_city,2025-12-03
,日置市,鹿児島県,日置市,7815.0,45043.0,17.35,市,https://page.line.me/hiokicity,2025-12-03
,曽於市,鹿児島県,曽於市,6633.0,29896.0,22.19,市,https://page.line.me/city.soo,2025-12-03
,いちき串木野市,鹿児島県,いちき串木野市,57715.0,25577.0,225.65,市,https://page.line.me/line.ick_city,2025-12-03
,南さつま市,鹿児島県,南さつま市,5832.0,30066.0,19.4,市,https://page.line.me/minamisatsuma_city,2025-12-03
,志布志市,鹿児島県,志布志市,8859.0,26867.0,32.97,市,https://page.line.me/shibushicity,2025-12-03
,奄美市,鹿児島県,奄美市,12553.0,38486.0,32.62,市,https://page.line.me/amami_city,2025-12-03
,南九州市,鹿児島県,南九州市役所,49433.0,29650.0,166.72,市,https://page.line.me/minamikyushu_city,2025-12-03
,伊佐市,鹿児島県,伊佐市,3861.0,21561.0,17.91,市,https://page.line.me/isashi,2025-12-03
,姶良市,鹿児島県,姶良市,16223.0,76781.0,21.13,市,https://page.line.me/airacity,2025-12-03
,さつま町,鹿児島県,さつま町,7603.0,17921.0,42.43,町,https://page.line.me/satsumatown,2025-12-03
,長島町,鹿児島県,長島町,2229.0,8654.0,25.76,町,https://page.line.me/nagashima.town,2025-12-03
,湧水町,鹿児島県,湧水町,2582.0,8243.0,31.32,町,https://page.line.me/yusuitown,2025-12-03
,大崎町,鹿児島県,大崎町,4714.0,11374.0,41.45,町,https://page.line.me/kagoshima-osaki,2025-12-03
,錦江町,鹿児島県,錦江町,152.0,5736.0,2.65,町,https://page.line.me/675ttluh,2025-12-03
,南大隅町,鹿児島県,南大隅町,1485.0,5330.0,27.86,町,https://page.line.me/minamiosumitown,2025-12-03
,肝付町,鹿児島県,鹿児島県肝付町,1732.0,12552.0,13.8,町,https://page.line.me/town.kimotsuki,2025-12-03
,中種子町,鹿児島県,中種子町,920.0,6769.0,13.59,町,https://page.line.me/nakatanetown,2025-12-03
,南種子町,鹿児島県,南種子町,8139.0,4974.0,163.63,町,https://page.line.me/rocket_minamitane,2025-12-03
,屋久島町,鹿児島県,屋久島町,2643.0,10874.0,24.31,町,https://page.line.me/yakushima_town,2025-12-03
,大和村,鹿児島県,大和村,627.0,1292.0,48.53,村,https://page.line.me/yamatoson,2025-12-03
,瀬戸内町,鹿児島県,瀬戸内町,1888.0,7684.0,24.57,町,https://page.line.me/setouchitown,2025-12-03
,龍郷町,鹿児島県,龍郷町,1069.0,5689.0,18.79,町,https://page.line.me/tatsugo,2025-12-03
,喜界町,鹿児島県,喜界町,1731.0,5973.0,28.98,町,https://page.line.me/kikai_town,2025-12-03
,徳之島町,鹿児島県,徳之島町,935.0,9229.0,10.13,町,https://page.line.me/tokunoshimatown,2025-12-03
,天城町,鹿児島県,天城町,552.0,5047.0,10.94,町,https://page.line.me/town.amagi,2025-12-03
,伊仙町,鹿児島県,伊仙町,907.0,5593.0,16.22,町,https://page.line.me/isen_city,2025-12-03
,和泊町,鹿児島県,和泊町役場,2578.0,5683.0,45.36,町,https://page.line.me/wadomari-town,2025-12-03
,知名町,鹿児島県,知名町,2773.0,5195.0,53.38,町,https://page.line.me/china-town,2025-12-03
,与論町,鹿児島県,与論町,666.0,4859.0,13.71,町,https://page.line.me/yoron,2025-12-03
,沖縄県,沖縄県,沖縄県,27320.0,1466454.0,1.86,都道府県,https://page.line.me/okinawa-government,2025-12-03
,那覇市,沖縄県,那覇市,49480.0,309197.0,16.0,市,https://page.line.me/kouhou.nahacity,2025-12-03
,宜野湾市,沖縄県,沖縄県宜野湾市,14550.0,100158.0,14.53,市,https://page.line.me/okinawa-ginowan,2025-12-03
,石垣市,沖縄県,石垣市,44652.0,47451.0,94.1,市,https://page.line.me/xat.0000132795.amo,2025-12-03
,浦添市,沖縄県,浦添市,30907.0,115621.0,26.73,市,https://page.line.me/urasoecity,2025-12-03
,名護市,沖縄県,名護市,13432.0,65138.0,20.62,市,https://page.line.me/nagocity,2025-12-03
,糸満市,沖縄県,糸満市,6019.0,60948.0,9.88,市,https://page.line.me/itomancity,2025-12-03
,沖縄市,沖縄県,沖縄県沖縄市,29500.0,141409.0,20.86,市,https://page.line.me/okinawacity,2025-12-03
,豊見城市,沖縄県,豊見城市,14970.0,64950.0,23.05,市,https://page.line.me/tomigusuku_city,2025-12-03
,うるま市,沖縄県,沖縄県うるま市,34044.0,127471.0,26.71,市,https://page.line.me/uruma,2025-12-03
,宮古島市,沖縄県,宮古島市,24002.0,52974.0,45.31,市,https://page.line.me/miyakojima-city,2025-12-03
,南城市,沖縄県,南城市,14615.0,46467.0,31.45,市,https://page.line.me/nanjo.city,2025-12-03
,大宜味村,沖縄県,大宜味村,1077.0,2921.0,36.87,村,https://page.line.me/ogimi,2025-12-03
,東村,沖縄県,東村,1380.0,1536.0,89.84,村,https://page.line.me/higashi-vill,2025-12-03
,今帰仁村,沖縄県,今帰仁村,2081.0,8689.0,23.95,村,https://page.line.me/nakijin2021,2025-12-03
,本部町,沖縄県,本部町,1635.0,12270.0,13.33,町,https://page.line.me/motobu,2025-12-03
,恩納村,沖縄県,恩納村,4356.0,11302.0,38.54,村,https://page.line.me/onna-sangonomura,2025-12-03
,宜野座村,沖縄県,宜野座村,4182.0,6263.0,66.77,村,https://page.line.me/ginoza2018,2025-12-03
,金武町,沖縄県,金武町,8734.0,10835.0,80.61,町,https://page.line.me/kin_town,2025-12-03
,読谷村,沖縄県,読谷村,26156.0,41867.0,62.47,村,https://page.line.me/yomitanvill,2025-12-03
,嘉手納町,沖縄県,嘉手納町,7336.0,13000.0,56.43,町,https://page.line.me/kadena,2025-12-03
,北谷町,沖縄県,北谷町,5301.0,28507.0,18.6,町,https://page.line.me/chatan.town,2025-12-03
,北中城村,沖縄県,北中城村,6125.0,18172.0,33.71,村,https://page.line.me/kitanaka.vill,2025-12-03
,中城村,沖縄県,沖縄県中城村,3082.0,23024.0,13.39,村,https://page.line.me/nakagusuku,2025-12-03
,西原町,沖縄県,西原町,4380.0,35134.0,12.47,町,https://page.line.me/nishihara_town,2025-12-03
,与那原町,沖縄県,沖縄県与那原町,13965.0,19374.0,72.08,町,https://page.line.me/yonabarutown,2025-12-03
,南風原町,沖縄県,南風原町,4872.0,41585.0,11.72,町,https://page.line.me/haebaru,2025-12-03
,渡嘉敷村,沖縄県,渡嘉敷村,313.0,650.0,48.15,村,https://page.line.me/tokashiki.vill,2025-12-03
,座間味村,沖縄県,座間味村,611.0,838.0,72.91,村,https://page.line.me/zamami_vill,2025-12-03
,南大東村,沖縄県,南大東村,872.0,1208.0,72.19,村,https://page.line.me/minami_daito,2025-12-03
,北大東村,沖縄県,北大東村役場,266.0,566.0,47.0,村,https://page.line.me/kitadaito,2025-12-03
,久米島町,沖縄県,久米島町,4581.0,6474.0,70.76,町,https://page.line.me/kumejima,2025-12-03
,八重瀬町,沖縄県,八重瀬町,8290.0,32725.0,25.33,町,https://page.line.me/yaese,2025-12-03
,竹富町,沖縄県,竹富町,6434.0,3828.0,168.08,町,https://page.line.me/taketomicho,2025-12-03
,与那国町,沖縄県,与那国町役場,1801.0,1635.0,110.15,町,https://page.line.me/129-yona.nanta_ten,2025-12-03

